-14,-3,ii6NFbYIdhI+3XuWqXQJ8LklK2A=,GN8CA1E1HnsvQf7L/FZIId7e2Jo=
-15,-2,ii6NFbYIdhI+3XuWqXQJ8LklK2A=,GN8CA1E1HnsvQf7L/FZIId7e2Jo=
-15,-3,ii6NFbYIdhI+3XuWqXQJ8LklK2A=,GN8CA1E1HnsvQf7L/FZIId7e2Jo=
-14,-2,ii6NFbYIdhI+3XuWqXQJ8LklK2A=,GN8CA1E1HnsvQf7L/FZIId7e2Jo=
-13,-3,ii6NFbYIdhI+3XuWqXQJ8LklK2A=,GN8CA1E1HnsvQf7L/FZIId7e2Jo=
-13,-2,ii6NFbYIdhI+3XuWqXQJ8LklK2A=,GN8CA1E1HnsvQf7L/FZIId7e2Jo=
-11,-2,ii6NFbYIdhI+3XuWqXQJ8LklK2A=,A0VcwGnfScVdJEv6j/U2vVAshhQ=
-12,-2,ii6NFbYIdhI+3XuWqXQJ8LklK2A=,A0VcwGnfScVdJEv6j/U2vVAshhQ=
-10,-2,ii6NFbYIdhI+3XuWqXQJ8LklK2A=,A0VcwGnfScVdJEv6j/U2vVAshhQ=
-10,-3,ii6NFbYIdhI+3XuWqXQJ8LklK2A=,A0VcwGnfScVdJEv6j/U2vVAshhQ=
-12,-3,ii6NFbYIdhI+3XuWqXQJ8LklK2A=,A0VcwGnfScVdJEv6j/U2vVAshhQ=
-11,-3,ii6NFbYIdhI+3XuWqXQJ8LklK2A=,A0VcwGnfScVdJEv6j/U2vVAshhQ=
-15,-5,ii6NFbYIdhI+3XuWqXQJ8LklK2A=,KgGkGg3Y+1bh3Iyr4nnsWgFz4qc=
-11,-5,ii6NFbYIdhI+3XuWqXQJ8LklK2A=,j4ZxDd2qBp6W/7l0v2d7tadG2Ms=
-13,-6,ii6NFbYIdhI+3XuWqXQJ8LklK2A=,KgGkGg3Y+1bh3Iyr4nnsWgFz4qc=
-11,-4,ii6NFbYIdhI+3XuWqXQJ8LklK2A=,A0VcwGnfScVdJEv6j/U2vVAshhQ=
-11,-6,ii6NFbYIdhI+3XuWqXQJ8LklK2A=,j4ZxDd2qBp6W/7l0v2d7tadG2Ms=
-10,-4,ii6NFbYIdhI+3XuWqXQJ8LklK2A=,A0VcwGnfScVdJEv6j/U2vVAshhQ=
-14,-6,ii6NFbYIdhI+3XuWqXQJ8LklK2A=,KgGkGg3Y+1bh3Iyr4nnsWgFz4qc=
-10,-5,ii6NFbYIdhI+3XuWqXQJ8LklK2A=,j4ZxDd2qBp6W/7l0v2d7tadG2Ms=
-13,-7,ii6NFbYIdhI+3XuWqXQJ8LklK2A=,KgGkGg3Y+1bh3Iyr4nnsWgFz4qc=
-13,-4,ii6NFbYIdhI+3XuWqXQJ8LklK2A=,GN8CA1E1HnsvQf7L/FZIId7e2Jo=
-15,-6,ii6NFbYIdhI+3XuWqXQJ8LklK2A=,KgGkGg3Y+1bh3Iyr4nnsWgFz4qc=
-10,-6,ii6NFbYIdhI+3XuWqXQJ8LklK2A=,j4ZxDd2qBp6W/7l0v2d7tadG2Ms=
-11,-7,ii6NFbYIdhI+3XuWqXQJ8LklK2A=,j4ZxDd2qBp6W/7l0v2d7tadG2Ms=
-12,-5,ii6NFbYIdhI+3XuWqXQJ8LklK2A=,j4ZxDd2qBp6W/7l0v2d7tadG2Ms=
-14,-4,ii6NFbYIdhI+3XuWqXQJ8LklK2A=,GN8CA1E1HnsvQf7L/FZIId7e2Jo=
-14,-7,ii6NFbYIdhI+3XuWqXQJ8LklK2A=,KgGkGg3Y+1bh3Iyr4nnsWgFz4qc=
-15,-7,ii6NFbYIdhI+3XuWqXQJ8LklK2A=,KgGkGg3Y+1bh3Iyr4nnsWgFz4qc=
-12,-4,ii6NFbYIdhI+3XuWqXQJ8LklK2A=,A0VcwGnfScVdJEv6j/U2vVAshhQ=
-15,-4,ii6NFbYIdhI+3XuWqXQJ8LklK2A=,GN8CA1E1HnsvQf7L/FZIId7e2Jo=
-12,-7,ii6NFbYIdhI+3XuWqXQJ8LklK2A=,j4ZxDd2qBp6W/7l0v2d7tadG2Ms=
-12,-6,ii6NFbYIdhI+3XuWqXQJ8LklK2A=,j4ZxDd2qBp6W/7l0v2d7tadG2Ms=
-14,-5,ii6NFbYIdhI+3XuWqXQJ8LklK2A=,KgGkGg3Y+1bh3Iyr4nnsWgFz4qc=
-13,-5,ii6NFbYIdhI+3XuWqXQJ8LklK2A=,KgGkGg3Y+1bh3Iyr4nnsWgFz4qc=
-10,-7,ii6NFbYIdhI+3XuWqXQJ8LklK2A=,j4ZxDd2qBp6W/7l0v2d7tadG2Ms=
-8,-7,ii6NFbYIdhI+3XuWqXQJ8LklK2A=,scxTZnvYgknI/jPvhsYYSiz/O9s=
-9,-7,ii6NFbYIdhI+3XuWqXQJ8LklK2A=,j4ZxDd2qBp6W/7l0v2d7tadG2Ms=
-9,-6,ii6NFbYIdhI+3XuWqXQJ8LklK2A=,j4ZxDd2qBp6W/7l0v2d7tadG2Ms=
-7,-6,ii6NFbYIdhI+3XuWqXQJ8LklK2A=,scxTZnvYgknI/jPvhsYYSiz/O9s=
-6,-7,ii6NFbYIdhI+3XuWqXQJ8LklK2A=,scxTZnvYgknI/jPvhsYYSiz/O9s=
-6,-6,ii6NFbYIdhI+3XuWqXQJ8LklK2A=,scxTZnvYgknI/jPvhsYYSiz/O9s=
-7,-7,ii6NFbYIdhI+3XuWqXQJ8LklK2A=,scxTZnvYgknI/jPvhsYYSiz/O9s=
-8,-6,ii6NFbYIdhI+3XuWqXQJ8LklK2A=,scxTZnvYgknI/jPvhsYYSiz/O9s=
-2,-6,ii6NFbYIdhI+3XuWqXQJ8LklK2A=,3388HDCEJmrG2jsPUSR0EQ1/vJI=
-3,-7,ii6NFbYIdhI+3XuWqXQJ8LklK2A=,3388HDCEJmrG2jsPUSR0EQ1/vJI=
-4,-7,ii6NFbYIdhI+3XuWqXQJ8LklK2A=,3388HDCEJmrG2jsPUSR0EQ1/vJI=
-3,-6,ii6NFbYIdhI+3XuWqXQJ8LklK2A=,3388HDCEJmrG2jsPUSR0EQ1/vJI=
-5,-7,ii6NFbYIdhI+3XuWqXQJ8LklK2A=,scxTZnvYgknI/jPvhsYYSiz/O9s=
-2,-7,ii6NFbYIdhI+3XuWqXQJ8LklK2A=,3388HDCEJmrG2jsPUSR0EQ1/vJI=
-5,-6,ii6NFbYIdhI+3XuWqXQJ8LklK2A=,scxTZnvYgknI/jPvhsYYSiz/O9s=
-4,-6,ii6NFbYIdhI+3XuWqXQJ8LklK2A=,3388HDCEJmrG2jsPUSR0EQ1/vJI=
-6,-8,ii6NFbYIdhI+3XuWqXQJ8LklK2A=,scxTZnvYgknI/jPvhsYYSiz/O9s=
-7,-9,9R5VWxXtFDrhXjkJfzEe7rP81dc=,vjv0BMsFiccpHg/cEQ3Z+KYttA0=
-7,-11,9R5VWxXtFDrhXjkJfzEe7rP81dc=,vjv0BMsFiccpHg/cEQ3Z+KYttA0=
-7,-10,9R5VWxXtFDrhXjkJfzEe7rP81dc=,vjv0BMsFiccpHg/cEQ3Z+KYttA0=
-2,-8,9R5VWxXtFDrhXjkJfzEe7rP81dc=,3388HDCEJmrG2jsPUSR0EQ1/vJI=
-3,-8,9R5VWxXtFDrhXjkJfzEe7rP81dc=,3388HDCEJmrG2jsPUSR0EQ1/vJI=
-6,-11,9R5VWxXtFDrhXjkJfzEe7rP81dc=,vjv0BMsFiccpHg/cEQ3Z+KYttA0=
-5,-9,9R5VWxXtFDrhXjkJfzEe7rP81dc=,vjv0BMsFiccpHg/cEQ3Z+KYttA0=
-6,-10,9R5VWxXtFDrhXjkJfzEe7rP81dc=,vjv0BMsFiccpHg/cEQ3Z+KYttA0=
-5,-8,9R5VWxXtFDrhXjkJfzEe7rP81dc=,scxTZnvYgknI/jPvhsYYSiz/O9s=
-5,-11,9R5VWxXtFDrhXjkJfzEe7rP81dc=,vjv0BMsFiccpHg/cEQ3Z+KYttA0=
-3,-9,9R5VWxXtFDrhXjkJfzEe7rP81dc=,/aoYV/9tTE57asPAMkTrjZ0hkRw=
-7,-8,9R5VWxXtFDrhXjkJfzEe7rP81dc=,scxTZnvYgknI/jPvhsYYSiz/O9s=
-2,-9,9R5VWxXtFDrhXjkJfzEe7rP81dc=,/aoYV/9tTE57asPAMkTrjZ0hkRw=
-3,-10,9R5VWxXtFDrhXjkJfzEe7rP81dc=,/aoYV/9tTE57asPAMkTrjZ0hkRw=
-5,-10,9R5VWxXtFDrhXjkJfzEe7rP81dc=,vjv0BMsFiccpHg/cEQ3Z+KYttA0=
-6,-9,9R5VWxXtFDrhXjkJfzEe7rP81dc=,vjv0BMsFiccpHg/cEQ3Z+KYttA0=
-4,-9,9R5VWxXtFDrhXjkJfzEe7rP81dc=,/aoYV/9tTE57asPAMkTrjZ0hkRw=
-4,-10,9R5VWxXtFDrhXjkJfzEe7rP81dc=,/aoYV/9tTE57asPAMkTrjZ0hkRw=
-4,-8,9R5VWxXtFDrhXjkJfzEe7rP81dc=,3388HDCEJmrG2jsPUSR0EQ1/vJI=
-3,-11,9R5VWxXtFDrhXjkJfzEe7rP81dc=,/aoYV/9tTE57asPAMkTrjZ0hkRw=
-2,-10,9R5VWxXtFDrhXjkJfzEe7rP81dc=,/aoYV/9tTE57asPAMkTrjZ0hkRw=
-4,-11,9R5VWxXtFDrhXjkJfzEe7rP81dc=,/aoYV/9tTE57asPAMkTrjZ0hkRw=
-2,-11,9R5VWxXtFDrhXjkJfzEe7rP81dc=,/aoYV/9tTE57asPAMkTrjZ0hkRw=
-8,-10,9R5VWxXtFDrhXjkJfzEe7rP81dc=,vjv0BMsFiccpHg/cEQ3Z+KYttA0=
-9,-8,9R5VWxXtFDrhXjkJfzEe7rP81dc=,j4ZxDd2qBp6W/7l0v2d7tadG2Ms=
-11,-9,9R5VWxXtFDrhXjkJfzEe7rP81dc=,52sLU3RegLGdL38hq8NqHq6UTIk=
-9,-11,9R5VWxXtFDrhXjkJfzEe7rP81dc=,52sLU3RegLGdL38hq8NqHq6UTIk=
-8,-11,9R5VWxXtFDrhXjkJfzEe7rP81dc=,vjv0BMsFiccpHg/cEQ3Z+KYttA0=
-11,-11,9R5VWxXtFDrhXjkJfzEe7rP81dc=,52sLU3RegLGdL38hq8NqHq6UTIk=
-9,-10,9R5VWxXtFDrhXjkJfzEe7rP81dc=,52sLU3RegLGdL38hq8NqHq6UTIk=
-10,-11,9R5VWxXtFDrhXjkJfzEe7rP81dc=,52sLU3RegLGdL38hq8NqHq6UTIk=
-10,-10,9R5VWxXtFDrhXjkJfzEe7rP81dc=,52sLU3RegLGdL38hq8NqHq6UTIk=
-10,-8,9R5VWxXtFDrhXjkJfzEe7rP81dc=,j4ZxDd2qBp6W/7l0v2d7tadG2Ms=
-8,-9,9R5VWxXtFDrhXjkJfzEe7rP81dc=,vjv0BMsFiccpHg/cEQ3Z+KYttA0=
-8,-8,9R5VWxXtFDrhXjkJfzEe7rP81dc=,scxTZnvYgknI/jPvhsYYSiz/O9s=
-11,-10,9R5VWxXtFDrhXjkJfzEe7rP81dc=,52sLU3RegLGdL38hq8NqHq6UTIk=
-10,-9,9R5VWxXtFDrhXjkJfzEe7rP81dc=,52sLU3RegLGdL38hq8NqHq6UTIk=
-11,-8,9R5VWxXtFDrhXjkJfzEe7rP81dc=,j4ZxDd2qBp6W/7l0v2d7tadG2Ms=
-9,-9,9R5VWxXtFDrhXjkJfzEe7rP81dc=,52sLU3RegLGdL38hq8NqHq6UTIk=
-12,-9,9R5VWxXtFDrhXjkJfzEe7rP81dc=,52sLU3RegLGdL38hq8NqHq6UTIk=
-13,-10,9R5VWxXtFDrhXjkJfzEe7rP81dc=,lM80BYVlb2zqngJvdDoA7FaViVQ=
-14,-10,9R5VWxXtFDrhXjkJfzEe7rP81dc=,lM80BYVlb2zqngJvdDoA7FaViVQ=
-14,-11,9R5VWxXtFDrhXjkJfzEe7rP81dc=,lM80BYVlb2zqngJvdDoA7FaViVQ=
-13,-11,9R5VWxXtFDrhXjkJfzEe7rP81dc=,lM80BYVlb2zqngJvdDoA7FaViVQ=
-14,-8,9R5VWxXtFDrhXjkJfzEe7rP81dc=,KgGkGg3Y+1bh3Iyr4nnsWgFz4qc=
-15,-10,9R5VWxXtFDrhXjkJfzEe7rP81dc=,lM80BYVlb2zqngJvdDoA7FaViVQ=
-12,-10,9R5VWxXtFDrhXjkJfzEe7rP81dc=,52sLU3RegLGdL38hq8NqHq6UTIk=
-12,-8,9R5VWxXtFDrhXjkJfzEe7rP81dc=,j4ZxDd2qBp6W/7l0v2d7tadG2Ms=
-15,-8,9R5VWxXtFDrhXjkJfzEe7rP81dc=,KgGkGg3Y+1bh3Iyr4nnsWgFz4qc=
-13,-9,9R5VWxXtFDrhXjkJfzEe7rP81dc=,lM80BYVlb2zqngJvdDoA7FaViVQ=
-15,-11,9R5VWxXtFDrhXjkJfzEe7rP81dc=,lM80BYVlb2zqngJvdDoA7FaViVQ=
-13,-8,9R5VWxXtFDrhXjkJfzEe7rP81dc=,KgGkGg3Y+1bh3Iyr4nnsWgFz4qc=
-12,-11,9R5VWxXtFDrhXjkJfzEe7rP81dc=,52sLU3RegLGdL38hq8NqHq6UTIk=
-14,-9,9R5VWxXtFDrhXjkJfzEe7rP81dc=,lM80BYVlb2zqngJvdDoA7FaViVQ=
-15,-9,9R5VWxXtFDrhXjkJfzEe7rP81dc=,lM80BYVlb2zqngJvdDoA7FaViVQ=
-11,-13,9R5VWxXtFDrhXjkJfzEe7rP81dc=,QGATGUfMhi0QIa2MkFZQTwufqds=
-10,-12,9R5VWxXtFDrhXjkJfzEe7rP81dc=,52sLU3RegLGdL38hq8NqHq6UTIk=
-11,-12,9R5VWxXtFDrhXjkJfzEe7rP81dc=,52sLU3RegLGdL38hq8NqHq6UTIk=
-10,-15,9R5VWxXtFDrhXjkJfzEe7rP81dc=,QGATGUfMhi0QIa2MkFZQTwufqds=
-11,-15,9R5VWxXtFDrhXjkJfzEe7rP81dc=,QGATGUfMhi0QIa2MkFZQTwufqds=
-11,-14,9R5VWxXtFDrhXjkJfzEe7rP81dc=,QGATGUfMhi0QIa2MkFZQTwufqds=
-10,-13,9R5VWxXtFDrhXjkJfzEe7rP81dc=,QGATGUfMhi0QIa2MkFZQTwufqds=
-13,-14,9R5VWxXtFDrhXjkJfzEe7rP81dc=,jEFYfkKDqpWI/Dnq0pHsJ7t39CY=
-14,-12,9R5VWxXtFDrhXjkJfzEe7rP81dc=,lM80BYVlb2zqngJvdDoA7FaViVQ=
-10,-14,9R5VWxXtFDrhXjkJfzEe7rP81dc=,QGATGUfMhi0QIa2MkFZQTwufqds=
-12,-13,9R5VWxXtFDrhXjkJfzEe7rP81dc=,QGATGUfMhi0QIa2MkFZQTwufqds=
-14,-14,9R5VWxXtFDrhXjkJfzEe7rP81dc=,jEFYfkKDqpWI/Dnq0pHsJ7t39CY=
-13,-12,9R5VWxXtFDrhXjkJfzEe7rP81dc=,lM80BYVlb2zqngJvdDoA7FaViVQ=
-15,-13,9R5VWxXtFDrhXjkJfzEe7rP81dc=,jEFYfkKDqpWI/Dnq0pHsJ7t39CY=
-13,-15,9R5VWxXtFDrhXjkJfzEe7rP81dc=,jEFYfkKDqpWI/Dnq0pHsJ7t39CY=
-12,-12,9R5VWxXtFDrhXjkJfzEe7rP81dc=,52sLU3RegLGdL38hq8NqHq6UTIk=
-12,-15,9R5VWxXtFDrhXjkJfzEe7rP81dc=,QGATGUfMhi0QIa2MkFZQTwufqds=
-15,-15,9R5VWxXtFDrhXjkJfzEe7rP81dc=,jEFYfkKDqpWI/Dnq0pHsJ7t39CY=
-15,-12,9R5VWxXtFDrhXjkJfzEe7rP81dc=,lM80BYVlb2zqngJvdDoA7FaViVQ=
-14,-15,9R5VWxXtFDrhXjkJfzEe7rP81dc=,jEFYfkKDqpWI/Dnq0pHsJ7t39CY=
-14,-13,9R5VWxXtFDrhXjkJfzEe7rP81dc=,jEFYfkKDqpWI/Dnq0pHsJ7t39CY=
-15,-14,9R5VWxXtFDrhXjkJfzEe7rP81dc=,jEFYfkKDqpWI/Dnq0pHsJ7t39CY=
-13,-13,9R5VWxXtFDrhXjkJfzEe7rP81dc=,jEFYfkKDqpWI/Dnq0pHsJ7t39CY=
-12,-14,9R5VWxXtFDrhXjkJfzEe7rP81dc=,QGATGUfMhi0QIa2MkFZQTwufqds=
-10,-16,9R5VWxXtFDrhXjkJfzEe7rP81dc=,QGATGUfMhi0QIa2MkFZQTwufqds=
-11,-16,9R5VWxXtFDrhXjkJfzEe7rP81dc=,QGATGUfMhi0QIa2MkFZQTwufqds=
-1,-10,9R5VWxXtFDrhXjkJfzEe7rP81dc=,/aoYV/9tTE57asPAMkTrjZ0hkRw=
-1,-11,9R5VWxXtFDrhXjkJfzEe7rP81dc=,/aoYV/9tTE57asPAMkTrjZ0hkRw=
-1,-6,9R5VWxXtFDrhXjkJfzEe7rP81dc=,3388HDCEJmrG2jsPUSR0EQ1/vJI=
-1,-8,9R5VWxXtFDrhXjkJfzEe7rP81dc=,3388HDCEJmrG2jsPUSR0EQ1/vJI=
-1,-9,9R5VWxXtFDrhXjkJfzEe7rP81dc=,/aoYV/9tTE57asPAMkTrjZ0hkRw=
-1,-7,9R5VWxXtFDrhXjkJfzEe7rP81dc=,3388HDCEJmrG2jsPUSR0EQ1/vJI=
-6,-12,9R5VWxXtFDrhXjkJfzEe7rP81dc=,vjv0BMsFiccpHg/cEQ3Z+KYttA0=
-9,-14,9R5VWxXtFDrhXjkJfzEe7rP81dc=,QGATGUfMhi0QIa2MkFZQTwufqds=
-9,-12,9R5VWxXtFDrhXjkJfzEe7rP81dc=,52sLU3RegLGdL38hq8NqHq6UTIk=
-8,-14,9R5VWxXtFDrhXjkJfzEe7rP81dc=,PnjyjJTeazN2cd5p9K5q5sxRpg4=
-6,-15,9R5VWxXtFDrhXjkJfzEe7rP81dc=,PnjyjJTeazN2cd5p9K5q5sxRpg4=
-8,-12,9R5VWxXtFDrhXjkJfzEe7rP81dc=,vjv0BMsFiccpHg/cEQ3Z+KYttA0=
-7,-15,9R5VWxXtFDrhXjkJfzEe7rP81dc=,PnjyjJTeazN2cd5p9K5q5sxRpg4=
-7,-14,9R5VWxXtFDrhXjkJfzEe7rP81dc=,PnjyjJTeazN2cd5p9K5q5sxRpg4=
-8,-15,9R5VWxXtFDrhXjkJfzEe7rP81dc=,PnjyjJTeazN2cd5p9K5q5sxRpg4=
-7,-12,9R5VWxXtFDrhXjkJfzEe7rP81dc=,vjv0BMsFiccpHg/cEQ3Z+KYttA0=
-6,-13,9R5VWxXtFDrhXjkJfzEe7rP81dc=,PnjyjJTeazN2cd5p9K5q5sxRpg4=
-7,-13,9R5VWxXtFDrhXjkJfzEe7rP81dc=,PnjyjJTeazN2cd5p9K5q5sxRpg4=
-6,-16,9R5VWxXtFDrhXjkJfzEe7rP81dc=,PnjyjJTeazN2cd5p9K5q5sxRpg4=
-9,-15,9R5VWxXtFDrhXjkJfzEe7rP81dc=,QGATGUfMhi0QIa2MkFZQTwufqds=
-6,-14,9R5VWxXtFDrhXjkJfzEe7rP81dc=,PnjyjJTeazN2cd5p9K5q5sxRpg4=
-7,-16,9R5VWxXtFDrhXjkJfzEe7rP81dc=,PnjyjJTeazN2cd5p9K5q5sxRpg4=
-9,-13,9R5VWxXtFDrhXjkJfzEe7rP81dc=,QGATGUfMhi0QIa2MkFZQTwufqds=
-8,-13,9R5VWxXtFDrhXjkJfzEe7rP81dc=,PnjyjJTeazN2cd5p9K5q5sxRpg4=
-9,-16,9R5VWxXtFDrhXjkJfzEe7rP81dc=,QGATGUfMhi0QIa2MkFZQTwufqds=
-8,-16,9R5VWxXtFDrhXjkJfzEe7rP81dc=,PnjyjJTeazN2cd5p9K5q5sxRpg4=
-10,-1,9R5VWxXtFDrhXjkJfzEe7rP81dc=,A0VcwGnfScVdJEv6j/U2vVAshhQ=
-11,-1,9R5VWxXtFDrhXjkJfzEe7rP81dc=,A0VcwGnfScVdJEv6j/U2vVAshhQ=
-5,-12,9R5VWxXtFDrhXjkJfzEe7rP81dc=,vjv0BMsFiccpHg/cEQ3Z+KYttA0=
-5,-13,9R5VWxXtFDrhXjkJfzEe7rP81dc=,PnjyjJTeazN2cd5p9K5q5sxRpg4=
-1,-12,9R5VWxXtFDrhXjkJfzEe7rP81dc=,/aoYV/9tTE57asPAMkTrjZ0hkRw=
-3,-12,9R5VWxXtFDrhXjkJfzEe7rP81dc=,/aoYV/9tTE57asPAMkTrjZ0hkRw=
-4,-14,9R5VWxXtFDrhXjkJfzEe7rP81dc=,Spbs0ZHbeiJqNUDo6uK5NQOqwYA=
-2,-14,9R5VWxXtFDrhXjkJfzEe7rP81dc=,Spbs0ZHbeiJqNUDo6uK5NQOqwYA=
-3,-14,9R5VWxXtFDrhXjkJfzEe7rP81dc=,Spbs0ZHbeiJqNUDo6uK5NQOqwYA=
-1,-14,9R5VWxXtFDrhXjkJfzEe7rP81dc=,Spbs0ZHbeiJqNUDo6uK5NQOqwYA=
-5,-15,9R5VWxXtFDrhXjkJfzEe7rP81dc=,PnjyjJTeazN2cd5p9K5q5sxRpg4=
-1,-15,9R5VWxXtFDrhXjkJfzEe7rP81dc=,Spbs0ZHbeiJqNUDo6uK5NQOqwYA=
-2,-15,9R5VWxXtFDrhXjkJfzEe7rP81dc=,Spbs0ZHbeiJqNUDo6uK5NQOqwYA=
-5,-14,9R5VWxXtFDrhXjkJfzEe7rP81dc=,PnjyjJTeazN2cd5p9K5q5sxRpg4=
-2,-12,9R5VWxXtFDrhXjkJfzEe7rP81dc=,/aoYV/9tTE57asPAMkTrjZ0hkRw=
-3,-15,9R5VWxXtFDrhXjkJfzEe7rP81dc=,Spbs0ZHbeiJqNUDo6uK5NQOqwYA=
-1,-13,9R5VWxXtFDrhXjkJfzEe7rP81dc=,Spbs0ZHbeiJqNUDo6uK5NQOqwYA=
-4,-15,9R5VWxXtFDrhXjkJfzEe7rP81dc=,Spbs0ZHbeiJqNUDo6uK5NQOqwYA=
-4,-16,9R5VWxXtFDrhXjkJfzEe7rP81dc=,Spbs0ZHbeiJqNUDo6uK5NQOqwYA=
-2,-13,9R5VWxXtFDrhXjkJfzEe7rP81dc=,Spbs0ZHbeiJqNUDo6uK5NQOqwYA=
-3,-16,9R5VWxXtFDrhXjkJfzEe7rP81dc=,Spbs0ZHbeiJqNUDo6uK5NQOqwYA=
-14,-1,9R5VWxXtFDrhXjkJfzEe7rP81dc=,GN8CA1E1HnsvQf7L/FZIId7e2Jo=
-15,-1,9R5VWxXtFDrhXjkJfzEe7rP81dc=,GN8CA1E1HnsvQf7L/FZIId7e2Jo=
-5,-16,9R5VWxXtFDrhXjkJfzEe7rP81dc=,PnjyjJTeazN2cd5p9K5q5sxRpg4=
-13,-1,9R5VWxXtFDrhXjkJfzEe7rP81dc=,GN8CA1E1HnsvQf7L/FZIId7e2Jo=
-12,-1,9R5VWxXtFDrhXjkJfzEe7rP81dc=,A0VcwGnfScVdJEv6j/U2vVAshhQ=
-4,-12,9R5VWxXtFDrhXjkJfzEe7rP81dc=,/aoYV/9tTE57asPAMkTrjZ0hkRw=
-3,-13,9R5VWxXtFDrhXjkJfzEe7rP81dc=,Spbs0ZHbeiJqNUDo6uK5NQOqwYA=
-4,-13,9R5VWxXtFDrhXjkJfzEe7rP81dc=,Spbs0ZHbeiJqNUDo6uK5NQOqwYA=
-2,-16,9R5VWxXtFDrhXjkJfzEe7rP81dc=,Spbs0ZHbeiJqNUDo6uK5NQOqwYA=
-1,-1,9R5VWxXtFDrhXjkJfzEe7rP81dc=,gElJU9bDO/J+xUdxJ9zKU1teP4w=
-3,-2,9R5VWxXtFDrhXjkJfzEe7rP81dc=,gElJU9bDO/J+xUdxJ9zKU1teP4w=
-1,-2,9R5VWxXtFDrhXjkJfzEe7rP81dc=,gElJU9bDO/J+xUdxJ9zKU1teP4w=
-2,-3,9R5VWxXtFDrhXjkJfzEe7rP81dc=,gElJU9bDO/J+xUdxJ9zKU1teP4w=
-3,-3,9R5VWxXtFDrhXjkJfzEe7rP81dc=,gElJU9bDO/J+xUdxJ9zKU1teP4w=
-2,-2,9R5VWxXtFDrhXjkJfzEe7rP81dc=,gElJU9bDO/J+xUdxJ9zKU1teP4w=
-3,-1,9R5VWxXtFDrhXjkJfzEe7rP81dc=,gElJU9bDO/J+xUdxJ9zKU1teP4w=
-16,-6,9R5VWxXtFDrhXjkJfzEe7rP81dc=,KgGkGg3Y+1bh3Iyr4nnsWgFz4qc=
-2,-1,9R5VWxXtFDrhXjkJfzEe7rP81dc=,gElJU9bDO/J+xUdxJ9zKU1teP4w=
-1,-5,9R5VWxXtFDrhXjkJfzEe7rP81dc=,3388HDCEJmrG2jsPUSR0EQ1/vJI=
-3,-5,9R5VWxXtFDrhXjkJfzEe7rP81dc=,3388HDCEJmrG2jsPUSR0EQ1/vJI=
-1,-3,9R5VWxXtFDrhXjkJfzEe7rP81dc=,gElJU9bDO/J+xUdxJ9zKU1teP4w=
-3,-4,9R5VWxXtFDrhXjkJfzEe7rP81dc=,gElJU9bDO/J+xUdxJ9zKU1teP4w=
-2,-5,9R5VWxXtFDrhXjkJfzEe7rP81dc=,3388HDCEJmrG2jsPUSR0EQ1/vJI=
-16,-7,9R5VWxXtFDrhXjkJfzEe7rP81dc=,KgGkGg3Y+1bh3Iyr4nnsWgFz4qc=
-1,-4,9R5VWxXtFDrhXjkJfzEe7rP81dc=,gElJU9bDO/J+xUdxJ9zKU1teP4w=
-9,-2,9R5VWxXtFDrhXjkJfzEe7rP81dc=,A0VcwGnfScVdJEv6j/U2vVAshhQ=
-4,-1,9R5VWxXtFDrhXjkJfzEe7rP81dc=,gElJU9bDO/J+xUdxJ9zKU1teP4w=
-2,-4,9R5VWxXtFDrhXjkJfzEe7rP81dc=,gElJU9bDO/J+xUdxJ9zKU1teP4w=
-16,-9,9R5VWxXtFDrhXjkJfzEe7rP81dc=,lM80BYVlb2zqngJvdDoA7FaViVQ=
-8,-4,9R5VWxXtFDrhXjkJfzEe7rP81dc=,hvURcEEfq+gQvCIJS6lRbw8+OzE=
-9,-1,9R5VWxXtFDrhXjkJfzEe7rP81dc=,A0VcwGnfScVdJEv6j/U2vVAshhQ=
-7,-4,9R5VWxXtFDrhXjkJfzEe7rP81dc=,hvURcEEfq+gQvCIJS6lRbw8+OzE=
-16,-10,9R5VWxXtFDrhXjkJfzEe7rP81dc=,lM80BYVlb2zqngJvdDoA7FaViVQ=
-6,-2,9R5VWxXtFDrhXjkJfzEe7rP81dc=,hvURcEEfq+gQvCIJS6lRbw8+OzE=
-4,-3,9R5VWxXtFDrhXjkJfzEe7rP81dc=,gElJU9bDO/J+xUdxJ9zKU1teP4w=
-16,-8,9R5VWxXtFDrhXjkJfzEe7rP81dc=,KgGkGg3Y+1bh3Iyr4nnsWgFz4qc=
-7,-2,9R5VWxXtFDrhXjkJfzEe7rP81dc=,hvURcEEfq+gQvCIJS6lRbw8+OzE=
-5,-5,9R5VWxXtFDrhXjkJfzEe7rP81dc=,scxTZnvYgknI/jPvhsYYSiz/O9s=
-9,-4,9R5VWxXtFDrhXjkJfzEe7rP81dc=,A0VcwGnfScVdJEv6j/U2vVAshhQ=
-8,-5,9R5VWxXtFDrhXjkJfzEe7rP81dc=,scxTZnvYgknI/jPvhsYYSiz/O9s=
-16,-11,9R5VWxXtFDrhXjkJfzEe7rP81dc=,lM80BYVlb2zqngJvdDoA7FaViVQ=
-7,-5,9R5VWxXtFDrhXjkJfzEe7rP81dc=,scxTZnvYgknI/jPvhsYYSiz/O9s=
-8,-2,9R5VWxXtFDrhXjkJfzEe7rP81dc=,hvURcEEfq+gQvCIJS6lRbw8+OzE=
-6,-5,9R5VWxXtFDrhXjkJfzEe7rP81dc=,scxTZnvYgknI/jPvhsYYSiz/O9s=
-5,-2,9R5VWxXtFDrhXjkJfzEe7rP81dc=,hvURcEEfq+gQvCIJS6lRbw8+OzE=
-4,-4,9R5VWxXtFDrhXjkJfzEe7rP81dc=,gElJU9bDO/J+xUdxJ9zKU1teP4w=
-9,-3,9R5VWxXtFDrhXjkJfzEe7rP81dc=,A0VcwGnfScVdJEv6j/U2vVAshhQ=
-8,-3,9R5VWxXtFDrhXjkJfzEe7rP81dc=,hvURcEEfq+gQvCIJS6lRbw8+OzE=
-6,-3,9R5VWxXtFDrhXjkJfzEe7rP81dc=,hvURcEEfq+gQvCIJS6lRbw8+OzE=
-5,-3,9R5VWxXtFDrhXjkJfzEe7rP81dc=,hvURcEEfq+gQvCIJS6lRbw8+OzE=
-7,-3,9R5VWxXtFDrhXjkJfzEe7rP81dc=,hvURcEEfq+gQvCIJS6lRbw8+OzE=
-9,-5,9R5VWxXtFDrhXjkJfzEe7rP81dc=,j4ZxDd2qBp6W/7l0v2d7tadG2Ms=
-6,-4,9R5VWxXtFDrhXjkJfzEe7rP81dc=,hvURcEEfq+gQvCIJS6lRbw8+OzE=
-4,-2,9R5VWxXtFDrhXjkJfzEe7rP81dc=,gElJU9bDO/J+xUdxJ9zKU1teP4w=
-8,-1,9R5VWxXtFDrhXjkJfzEe7rP81dc=,hvURcEEfq+gQvCIJS6lRbw8+OzE=
-5,-1,9R5VWxXtFDrhXjkJfzEe7rP81dc=,hvURcEEfq+gQvCIJS6lRbw8+OzE=
-5,-4,9R5VWxXtFDrhXjkJfzEe7rP81dc=,hvURcEEfq+gQvCIJS6lRbw8+OzE=
-6,-1,9R5VWxXtFDrhXjkJfzEe7rP81dc=,hvURcEEfq+gQvCIJS6lRbw8+OzE=
-7,-1,9R5VWxXtFDrhXjkJfzEe7rP81dc=,hvURcEEfq+gQvCIJS6lRbw8+OzE=
-4,-5,9R5VWxXtFDrhXjkJfzEe7rP81dc=,3388HDCEJmrG2jsPUSR0EQ1/vJI=
-16,-13,9R5VWxXtFDrhXjkJfzEe7rP81dc=,jEFYfkKDqpWI/Dnq0pHsJ7t39CY=
-16,-12,9R5VWxXtFDrhXjkJfzEe7rP81dc=,lM80BYVlb2zqngJvdDoA7FaViVQ=
-16,-15,9R5VWxXtFDrhXjkJfzEe7rP81dc=,jEFYfkKDqpWI/Dnq0pHsJ7t39CY=
-16,-14,9R5VWxXtFDrhXjkJfzEe7rP81dc=,jEFYfkKDqpWI/Dnq0pHsJ7t39CY=
-16,-3,9R5VWxXtFDrhXjkJfzEe7rP81dc=,GN8CA1E1HnsvQf7L/FZIId7e2Jo=
-16,-1,9R5VWxXtFDrhXjkJfzEe7rP81dc=,GN8CA1E1HnsvQf7L/FZIId7e2Jo=
-16,-2,9R5VWxXtFDrhXjkJfzEe7rP81dc=,GN8CA1E1HnsvQf7L/FZIId7e2Jo=
-16,-4,9R5VWxXtFDrhXjkJfzEe7rP81dc=,GN8CA1E1HnsvQf7L/FZIId7e2Jo=
-16,-5,9R5VWxXtFDrhXjkJfzEe7rP81dc=,KgGkGg3Y+1bh3Iyr4nnsWgFz4qc=
-16,-16,9R5VWxXtFDrhXjkJfzEe7rP81dc=,jEFYfkKDqpWI/Dnq0pHsJ7t39CY=
-15,-16,9R5VWxXtFDrhXjkJfzEe7rP81dc=,jEFYfkKDqpWI/Dnq0pHsJ7t39CY=
-14,-16,9R5VWxXtFDrhXjkJfzEe7rP81dc=,jEFYfkKDqpWI/Dnq0pHsJ7t39CY=
-13,-16,9R5VWxXtFDrhXjkJfzEe7rP81dc=,jEFYfkKDqpWI/Dnq0pHsJ7t39CY=
-12,-16,9R5VWxXtFDrhXjkJfzEe7rP81dc=,QGATGUfMhi0QIa2MkFZQTwufqds=
-1,-16,9R5VWxXtFDrhXjkJfzEe7rP81dc=,Spbs0ZHbeiJqNUDo6uK5NQOqwYA=
-15,-19,Fjx9ELA2BMp+QXXXP+Jn80ax27Y=,WJZ7JNE740DjFPDuDkhQbL5w8Bo=
-15,-18,Fjx9ELA2BMp+QXXXP+Jn80ax27Y=,WJZ7JNE740DjFPDuDkhQbL5w8Bo=
-14,-18,Fjx9ELA2BMp+QXXXP+Jn80ax27Y=,WJZ7JNE740DjFPDuDkhQbL5w8Bo=
-14,-19,Fjx9ELA2BMp+QXXXP+Jn80ax27Y=,WJZ7JNE740DjFPDuDkhQbL5w8Bo=
-12,-19,Fjx9ELA2BMp+QXXXP+Jn80ax27Y=,4rfLdSaLz32wrhwfuk2X9VXo81Y=
-10,-18,Fjx9ELA2BMp+QXXXP+Jn80ax27Y=,4rfLdSaLz32wrhwfuk2X9VXo81Y=
-11,-18,Fjx9ELA2BMp+QXXXP+Jn80ax27Y=,4rfLdSaLz32wrhwfuk2X9VXo81Y=
-10,-19,Fjx9ELA2BMp+QXXXP+Jn80ax27Y=,4rfLdSaLz32wrhwfuk2X9VXo81Y=
-13,-19,Fjx9ELA2BMp+QXXXP+Jn80ax27Y=,WJZ7JNE740DjFPDuDkhQbL5w8Bo=
-12,-18,Fjx9ELA2BMp+QXXXP+Jn80ax27Y=,4rfLdSaLz32wrhwfuk2X9VXo81Y=
-11,-19,Fjx9ELA2BMp+QXXXP+Jn80ax27Y=,4rfLdSaLz32wrhwfuk2X9VXo81Y=
-13,-18,Fjx9ELA2BMp+QXXXP+Jn80ax27Y=,WJZ7JNE740DjFPDuDkhQbL5w8Bo=
-15,-21,Fjx9ELA2BMp+QXXXP+Jn80ax27Y=,6RX0ruYShErFcTR3ejvcVhhjBEg=
-15,-20,Fjx9ELA2BMp+QXXXP+Jn80ax27Y=,WJZ7JNE740DjFPDuDkhQbL5w8Bo=
-13,-22,Fjx9ELA2BMp+QXXXP+Jn80ax27Y=,6RX0ruYShErFcTR3ejvcVhhjBEg=
-12,-23,Fjx9ELA2BMp+QXXXP+Jn80ax27Y=,JvfmeC2CD6eaP8XylcGEQmVt1MQ=
-10,-20,Fjx9ELA2BMp+QXXXP+Jn80ax27Y=,4rfLdSaLz32wrhwfuk2X9VXo81Y=
-14,-20,Fjx9ELA2BMp+QXXXP+Jn80ax27Y=,WJZ7JNE740DjFPDuDkhQbL5w8Bo=
-14,-22,Fjx9ELA2BMp+QXXXP+Jn80ax27Y=,6RX0ruYShErFcTR3ejvcVhhjBEg=
-15,-22,Fjx9ELA2BMp+QXXXP+Jn80ax27Y=,6RX0ruYShErFcTR3ejvcVhhjBEg=
-11,-20,Fjx9ELA2BMp+QXXXP+Jn80ax27Y=,4rfLdSaLz32wrhwfuk2X9VXo81Y=
-14,-23,Fjx9ELA2BMp+QXXXP+Jn80ax27Y=,6RX0ruYShErFcTR3ejvcVhhjBEg=
-15,-23,Fjx9ELA2BMp+QXXXP+Jn80ax27Y=,6RX0ruYShErFcTR3ejvcVhhjBEg=
-12,-20,Fjx9ELA2BMp+QXXXP+Jn80ax27Y=,4rfLdSaLz32wrhwfuk2X9VXo81Y=
-11,-23,Fjx9ELA2BMp+QXXXP+Jn80ax27Y=,JvfmeC2CD6eaP8XylcGEQmVt1MQ=
-14,-21,Fjx9ELA2BMp+QXXXP+Jn80ax27Y=,6RX0ruYShErFcTR3ejvcVhhjBEg=
-13,-20,Fjx9ELA2BMp+QXXXP+Jn80ax27Y=,WJZ7JNE740DjFPDuDkhQbL5w8Bo=
-13,-23,Fjx9ELA2BMp+QXXXP+Jn80ax27Y=,6RX0ruYShErFcTR3ejvcVhhjBEg=
-10,-21,Fjx9ELA2BMp+QXXXP+Jn80ax27Y=,JvfmeC2CD6eaP8XylcGEQmVt1MQ=
-13,-21,Fjx9ELA2BMp+QXXXP+Jn80ax27Y=,6RX0ruYShErFcTR3ejvcVhhjBEg=
-11,-22,Fjx9ELA2BMp+QXXXP+Jn80ax27Y=,JvfmeC2CD6eaP8XylcGEQmVt1MQ=
-10,-22,Fjx9ELA2BMp+QXXXP+Jn80ax27Y=,JvfmeC2CD6eaP8XylcGEQmVt1MQ=
-11,-21,Fjx9ELA2BMp+QXXXP+Jn80ax27Y=,JvfmeC2CD6eaP8XylcGEQmVt1MQ=
-12,-21,Fjx9ELA2BMp+QXXXP+Jn80ax27Y=,JvfmeC2CD6eaP8XylcGEQmVt1MQ=
-12,-22,Fjx9ELA2BMp+QXXXP+Jn80ax27Y=,JvfmeC2CD6eaP8XylcGEQmVt1MQ=
-10,-23,Fjx9ELA2BMp+QXXXP+Jn80ax27Y=,JvfmeC2CD6eaP8XylcGEQmVt1MQ=
-9,-22,Fjx9ELA2BMp+QXXXP+Jn80ax27Y=,JvfmeC2CD6eaP8XylcGEQmVt1MQ=
-8,-23,Fjx9ELA2BMp+QXXXP+Jn80ax27Y=,EziW07WjyusCz8/mXgwAqMyhOAw=
-8,-22,Fjx9ELA2BMp+QXXXP+Jn80ax27Y=,EziW07WjyusCz8/mXgwAqMyhOAw=
-9,-23,Fjx9ELA2BMp+QXXXP+Jn80ax27Y=,JvfmeC2CD6eaP8XylcGEQmVt1MQ=
-7,-22,Fjx9ELA2BMp+QXXXP+Jn80ax27Y=,EziW07WjyusCz8/mXgwAqMyhOAw=
-6,-23,Fjx9ELA2BMp+QXXXP+Jn80ax27Y=,EziW07WjyusCz8/mXgwAqMyhOAw=
-6,-22,Fjx9ELA2BMp+QXXXP+Jn80ax27Y=,EziW07WjyusCz8/mXgwAqMyhOAw=
-7,-23,Fjx9ELA2BMp+QXXXP+Jn80ax27Y=,EziW07WjyusCz8/mXgwAqMyhOAw=
-5,-23,Fjx9ELA2BMp+QXXXP+Jn80ax27Y=,EziW07WjyusCz8/mXgwAqMyhOAw=
-5,-22,Fjx9ELA2BMp+QXXXP+Jn80ax27Y=,EziW07WjyusCz8/mXgwAqMyhOAw=
-4,-23,Fjx9ELA2BMp+QXXXP+Jn80ax27Y=,O4rfjt/reyCINx71VDnLTbaNt6g=
-2,-22,Fjx9ELA2BMp+QXXXP+Jn80ax27Y=,O4rfjt/reyCINx71VDnLTbaNt6g=
-3,-22,Fjx9ELA2BMp+QXXXP+Jn80ax27Y=,O4rfjt/reyCINx71VDnLTbaNt6g=
-4,-22,Fjx9ELA2BMp+QXXXP+Jn80ax27Y=,O4rfjt/reyCINx71VDnLTbaNt6g=
-3,-23,Fjx9ELA2BMp+QXXXP+Jn80ax27Y=,O4rfjt/reyCINx71VDnLTbaNt6g=
-3,-27,Fjx9ELA2BMp+QXXXP+Jn80ax27Y=,fv8ROQTrx+tE0KZwotEQoLvToPg=
-2,-27,Fjx9ELA2BMp+QXXXP+Jn80ax27Y=,fv8ROQTrx+tE0KZwotEQoLvToPg=
-2,-25,Fjx9ELA2BMp+QXXXP+Jn80ax27Y=,fv8ROQTrx+tE0KZwotEQoLvToPg=
-2,-26,Fjx9ELA2BMp+QXXXP+Jn80ax27Y=,fv8ROQTrx+tE0KZwotEQoLvToPg=
-2,-23,Fjx9ELA2BMp+QXXXP+Jn80ax27Y=,O4rfjt/reyCINx71VDnLTbaNt6g=
-3,-24,Fjx9ELA2BMp+QXXXP+Jn80ax27Y=,O4rfjt/reyCINx71VDnLTbaNt6g=
-5,-26,Fjx9ELA2BMp+QXXXP+Jn80ax27Y=,jpBPrXYRsnVOS0XoMnhLmo5OzfI=
-3,-26,Fjx9ELA2BMp+QXXXP+Jn80ax27Y=,fv8ROQTrx+tE0KZwotEQoLvToPg=
-3,-25,Fjx9ELA2BMp+QXXXP+Jn80ax27Y=,fv8ROQTrx+tE0KZwotEQoLvToPg=
-2,-24,Fjx9ELA2BMp+QXXXP+Jn80ax27Y=,O4rfjt/reyCINx71VDnLTbaNt6g=
-4,-26,Fjx9ELA2BMp+QXXXP+Jn80ax27Y=,fv8ROQTrx+tE0KZwotEQoLvToPg=
-4,-24,Fjx9ELA2BMp+QXXXP+Jn80ax27Y=,O4rfjt/reyCINx71VDnLTbaNt6g=
-6,-26,Fjx9ELA2BMp+QXXXP+Jn80ax27Y=,jpBPrXYRsnVOS0XoMnhLmo5OzfI=
-6,-27,Fjx9ELA2BMp+QXXXP+Jn80ax27Y=,jpBPrXYRsnVOS0XoMnhLmo5OzfI=
-4,-27,Fjx9ELA2BMp+QXXXP+Jn80ax27Y=,fv8ROQTrx+tE0KZwotEQoLvToPg=
-5,-27,Fjx9ELA2BMp+QXXXP+Jn80ax27Y=,jpBPrXYRsnVOS0XoMnhLmo5OzfI=
-5,-25,Fjx9ELA2BMp+QXXXP+Jn80ax27Y=,jpBPrXYRsnVOS0XoMnhLmo5OzfI=
-7,-24,Fjx9ELA2BMp+QXXXP+Jn80ax27Y=,EziW07WjyusCz8/mXgwAqMyhOAw=
-5,-24,Fjx9ELA2BMp+QXXXP+Jn80ax27Y=,EziW07WjyusCz8/mXgwAqMyhOAw=
-7,-27,Fjx9ELA2BMp+QXXXP+Jn80ax27Y=,jpBPrXYRsnVOS0XoMnhLmo5OzfI=
-6,-24,Fjx9ELA2BMp+QXXXP+Jn80ax27Y=,EziW07WjyusCz8/mXgwAqMyhOAw=
-6,-25,Fjx9ELA2BMp+QXXXP+Jn80ax27Y=,jpBPrXYRsnVOS0XoMnhLmo5OzfI=
-7,-26,Fjx9ELA2BMp+QXXXP+Jn80ax27Y=,jpBPrXYRsnVOS0XoMnhLmo5OzfI=
-7,-25,Fjx9ELA2BMp+QXXXP+Jn80ax27Y=,jpBPrXYRsnVOS0XoMnhLmo5OzfI=
-4,-25,Fjx9ELA2BMp+QXXXP+Jn80ax27Y=,fv8ROQTrx+tE0KZwotEQoLvToPg=
-8,-25,Fjx9ELA2BMp+QXXXP+Jn80ax27Y=,jpBPrXYRsnVOS0XoMnhLmo5OzfI=
-11,-24,Fjx9ELA2BMp+QXXXP+Jn80ax27Y=,JvfmeC2CD6eaP8XylcGEQmVt1MQ=
-9,-24,Fjx9ELA2BMp+QXXXP+Jn80ax27Y=,JvfmeC2CD6eaP8XylcGEQmVt1MQ=
-11,-27,Fjx9ELA2BMp+QXXXP+Jn80ax27Y=,6u08BLSRDuUuQo+Ya4XWmv0MWis=
-9,-25,Fjx9ELA2BMp+QXXXP+Jn80ax27Y=,6u08BLSRDuUuQo+Ya4XWmv0MWis=
-10,-24,Fjx9ELA2BMp+QXXXP+Jn80ax27Y=,JvfmeC2CD6eaP8XylcGEQmVt1MQ=
-11,-25,Fjx9ELA2BMp+QXXXP+Jn80ax27Y=,6u08BLSRDuUuQo+Ya4XWmv0MWis=
-10,-25,Fjx9ELA2BMp+QXXXP+Jn80ax27Y=,6u08BLSRDuUuQo+Ya4XWmv0MWis=
-11,-26,Fjx9ELA2BMp+QXXXP+Jn80ax27Y=,6u08BLSRDuUuQo+Ya4XWmv0MWis=
-10,-26,Fjx9ELA2BMp+QXXXP+Jn80ax27Y=,6u08BLSRDuUuQo+Ya4XWmv0MWis=
-10,-27,Fjx9ELA2BMp+QXXXP+Jn80ax27Y=,6u08BLSRDuUuQo+Ya4XWmv0MWis=
-9,-27,Fjx9ELA2BMp+QXXXP+Jn80ax27Y=,6u08BLSRDuUuQo+Ya4XWmv0MWis=
-8,-26,Fjx9ELA2BMp+QXXXP+Jn80ax27Y=,jpBPrXYRsnVOS0XoMnhLmo5OzfI=
-9,-26,Fjx9ELA2BMp+QXXXP+Jn80ax27Y=,6u08BLSRDuUuQo+Ya4XWmv0MWis=
-8,-24,Fjx9ELA2BMp+QXXXP+Jn80ax27Y=,EziW07WjyusCz8/mXgwAqMyhOAw=
-8,-27,Fjx9ELA2BMp+QXXXP+Jn80ax27Y=,jpBPrXYRsnVOS0XoMnhLmo5OzfI=
-14,-26,pKcrVvYwtgLAu+KTzhBkDJ1KPYU=,yVDWaGRmjeGl7nxFr5bu+aTnRoE=
-12,-24,pKcrVvYwtgLAu+KTzhBkDJ1KPYU=,JvfmeC2CD6eaP8XylcGEQmVt1MQ=
-12,-25,pKcrVvYwtgLAu+KTzhBkDJ1KPYU=,6u08BLSRDuUuQo+Ya4XWmv0MWis=
-13,-26,pKcrVvYwtgLAu+KTzhBkDJ1KPYU=,yVDWaGRmjeGl7nxFr5bu+aTnRoE=
-12,-26,pKcrVvYwtgLAu+KTzhBkDJ1KPYU=,6u08BLSRDuUuQo+Ya4XWmv0MWis=
-14,-24,pKcrVvYwtgLAu+KTzhBkDJ1KPYU=,6RX0ruYShErFcTR3ejvcVhhjBEg=
-12,-27,pKcrVvYwtgLAu+KTzhBkDJ1KPYU=,6u08BLSRDuUuQo+Ya4XWmv0MWis=
-15,-24,pKcrVvYwtgLAu+KTzhBkDJ1KPYU=,6RX0ruYShErFcTR3ejvcVhhjBEg=
-13,-24,pKcrVvYwtgLAu+KTzhBkDJ1KPYU=,6RX0ruYShErFcTR3ejvcVhhjBEg=
-14,-25,pKcrVvYwtgLAu+KTzhBkDJ1KPYU=,yVDWaGRmjeGl7nxFr5bu+aTnRoE=
-15,-26,pKcrVvYwtgLAu+KTzhBkDJ1KPYU=,yVDWaGRmjeGl7nxFr5bu+aTnRoE=
-13,-27,pKcrVvYwtgLAu+KTzhBkDJ1KPYU=,yVDWaGRmjeGl7nxFr5bu+aTnRoE=
-13,-25,pKcrVvYwtgLAu+KTzhBkDJ1KPYU=,yVDWaGRmjeGl7nxFr5bu+aTnRoE=
-14,-27,pKcrVvYwtgLAu+KTzhBkDJ1KPYU=,yVDWaGRmjeGl7nxFr5bu+aTnRoE=
-15,-27,pKcrVvYwtgLAu+KTzhBkDJ1KPYU=,yVDWaGRmjeGl7nxFr5bu+aTnRoE=
-15,-25,pKcrVvYwtgLAu+KTzhBkDJ1KPYU=,yVDWaGRmjeGl7nxFr5bu+aTnRoE=
-15,-31,pKcrVvYwtgLAu+KTzhBkDJ1KPYU=,EQCSPGhYHV/byH27dmECwgKJoxU=
-15,-30,pKcrVvYwtgLAu+KTzhBkDJ1KPYU=,EQCSPGhYHV/byH27dmECwgKJoxU=
-15,-29,pKcrVvYwtgLAu+KTzhBkDJ1KPYU=,EQCSPGhYHV/byH27dmECwgKJoxU=
-14,-28,pKcrVvYwtgLAu+KTzhBkDJ1KPYU=,yVDWaGRmjeGl7nxFr5bu+aTnRoE=
-15,-28,pKcrVvYwtgLAu+KTzhBkDJ1KPYU=,yVDWaGRmjeGl7nxFr5bu+aTnRoE=
-14,-29,pKcrVvYwtgLAu+KTzhBkDJ1KPYU=,EQCSPGhYHV/byH27dmECwgKJoxU=
-13,-28,pKcrVvYwtgLAu+KTzhBkDJ1KPYU=,yVDWaGRmjeGl7nxFr5bu+aTnRoE=
-12,-31,pKcrVvYwtgLAu+KTzhBkDJ1KPYU=,fzgV7vd7aGwvEyb+4Fii9U2DoRI=
-14,-31,pKcrVvYwtgLAu+KTzhBkDJ1KPYU=,EQCSPGhYHV/byH27dmECwgKJoxU=
-11,-31,pKcrVvYwtgLAu+KTzhBkDJ1KPYU=,fzgV7vd7aGwvEyb+4Fii9U2DoRI=
-13,-30,pKcrVvYwtgLAu+KTzhBkDJ1KPYU=,EQCSPGhYHV/byH27dmECwgKJoxU=
-13,-29,pKcrVvYwtgLAu+KTzhBkDJ1KPYU=,EQCSPGhYHV/byH27dmECwgKJoxU=
-14,-30,pKcrVvYwtgLAu+KTzhBkDJ1KPYU=,EQCSPGhYHV/byH27dmECwgKJoxU=
-10,-28,pKcrVvYwtgLAu+KTzhBkDJ1KPYU=,6u08BLSRDuUuQo+Ya4XWmv0MWis=
-10,-30,pKcrVvYwtgLAu+KTzhBkDJ1KPYU=,fzgV7vd7aGwvEyb+4Fii9U2DoRI=
-10,-29,pKcrVvYwtgLAu+KTzhBkDJ1KPYU=,fzgV7vd7aGwvEyb+4Fii9U2DoRI=
-12,-29,pKcrVvYwtgLAu+KTzhBkDJ1KPYU=,fzgV7vd7aGwvEyb+4Fii9U2DoRI=
-11,-30,pKcrVvYwtgLAu+KTzhBkDJ1KPYU=,fzgV7vd7aGwvEyb+4Fii9U2DoRI=
-11,-28,pKcrVvYwtgLAu+KTzhBkDJ1KPYU=,6u08BLSRDuUuQo+Ya4XWmv0MWis=
-11,-29,pKcrVvYwtgLAu+KTzhBkDJ1KPYU=,fzgV7vd7aGwvEyb+4Fii9U2DoRI=
-12,-30,pKcrVvYwtgLAu+KTzhBkDJ1KPYU=,fzgV7vd7aGwvEyb+4Fii9U2DoRI=
-12,-28,pKcrVvYwtgLAu+KTzhBkDJ1KPYU=,6u08BLSRDuUuQo+Ya4XWmv0MWis=
-13,-31,pKcrVvYwtgLAu+KTzhBkDJ1KPYU=,EQCSPGhYHV/byH27dmECwgKJoxU=
-10,-31,pKcrVvYwtgLAu+KTzhBkDJ1KPYU=,fzgV7vd7aGwvEyb+4Fii9U2DoRI=
-11,-32,pKcrVvYwtgLAu+KTzhBkDJ1KPYU=,fzgV7vd7aGwvEyb+4Fii9U2DoRI=
-10,-32,pKcrVvYwtgLAu+KTzhBkDJ1KPYU=,fzgV7vd7aGwvEyb+4Fii9U2DoRI=
-12,-32,pKcrVvYwtgLAu+KTzhBkDJ1KPYU=,fzgV7vd7aGwvEyb+4Fii9U2DoRI=
-15,-32,pKcrVvYwtgLAu+KTzhBkDJ1KPYU=,EQCSPGhYHV/byH27dmECwgKJoxU=
-13,-32,pKcrVvYwtgLAu+KTzhBkDJ1KPYU=,EQCSPGhYHV/byH27dmECwgKJoxU=
-1,-27,pKcrVvYwtgLAu+KTzhBkDJ1KPYU=,fv8ROQTrx+tE0KZwotEQoLvToPg=
-14,-32,pKcrVvYwtgLAu+KTzhBkDJ1KPYU=,EQCSPGhYHV/byH27dmECwgKJoxU=
-1,-26,pKcrVvYwtgLAu+KTzhBkDJ1KPYU=,fv8ROQTrx+tE0KZwotEQoLvToPg=
-1,-25,pKcrVvYwtgLAu+KTzhBkDJ1KPYU=,fv8ROQTrx+tE0KZwotEQoLvToPg=
-1,-24,pKcrVvYwtgLAu+KTzhBkDJ1KPYU=,O4rfjt/reyCINx71VDnLTbaNt6g=
-1,-23,pKcrVvYwtgLAu+KTzhBkDJ1KPYU=,O4rfjt/reyCINx71VDnLTbaNt6g=
-1,-22,pKcrVvYwtgLAu+KTzhBkDJ1KPYU=,O4rfjt/reyCINx71VDnLTbaNt6g=
-8,-29,pKcrVvYwtgLAu+KTzhBkDJ1KPYU=,Mpx1tKGOPjGbqbgbj0NDA65S/C4=
-9,-28,pKcrVvYwtgLAu+KTzhBkDJ1KPYU=,6u08BLSRDuUuQo+Ya4XWmv0MWis=
-6,-30,pKcrVvYwtgLAu+KTzhBkDJ1KPYU=,Mpx1tKGOPjGbqbgbj0NDA65S/C4=
-7,-30,pKcrVvYwtgLAu+KTzhBkDJ1KPYU=,Mpx1tKGOPjGbqbgbj0NDA65S/C4=
-8,-30,pKcrVvYwtgLAu+KTzhBkDJ1KPYU=,Mpx1tKGOPjGbqbgbj0NDA65S/C4=
-9,-29,pKcrVvYwtgLAu+KTzhBkDJ1KPYU=,fzgV7vd7aGwvEyb+4Fii9U2DoRI=
-7,-31,pKcrVvYwtgLAu+KTzhBkDJ1KPYU=,Mpx1tKGOPjGbqbgbj0NDA65S/C4=
-8,-31,pKcrVvYwtgLAu+KTzhBkDJ1KPYU=,Mpx1tKGOPjGbqbgbj0NDA65S/C4=
-6,-31,pKcrVvYwtgLAu+KTzhBkDJ1KPYU=,Mpx1tKGOPjGbqbgbj0NDA65S/C4=
-9,-32,pKcrVvYwtgLAu+KTzhBkDJ1KPYU=,fzgV7vd7aGwvEyb+4Fii9U2DoRI=
-7,-29,pKcrVvYwtgLAu+KTzhBkDJ1KPYU=,Mpx1tKGOPjGbqbgbj0NDA65S/C4=
-8,-28,pKcrVvYwtgLAu+KTzhBkDJ1KPYU=,jpBPrXYRsnVOS0XoMnhLmo5OzfI=
-6,-29,pKcrVvYwtgLAu+KTzhBkDJ1KPYU=,Mpx1tKGOPjGbqbgbj0NDA65S/C4=
-7,-28,pKcrVvYwtgLAu+KTzhBkDJ1KPYU=,jpBPrXYRsnVOS0XoMnhLmo5OzfI=
-6,-28,pKcrVvYwtgLAu+KTzhBkDJ1KPYU=,jpBPrXYRsnVOS0XoMnhLmo5OzfI=
-7,-32,pKcrVvYwtgLAu+KTzhBkDJ1KPYU=,Mpx1tKGOPjGbqbgbj0NDA65S/C4=
-6,-32,pKcrVvYwtgLAu+KTzhBkDJ1KPYU=,Mpx1tKGOPjGbqbgbj0NDA65S/C4=
-8,-32,pKcrVvYwtgLAu+KTzhBkDJ1KPYU=,Mpx1tKGOPjGbqbgbj0NDA65S/C4=
-9,-30,pKcrVvYwtgLAu+KTzhBkDJ1KPYU=,fzgV7vd7aGwvEyb+4Fii9U2DoRI=
-9,-31,pKcrVvYwtgLAu+KTzhBkDJ1KPYU=,fzgV7vd7aGwvEyb+4Fii9U2DoRI=
-10,-17,pKcrVvYwtgLAu+KTzhBkDJ1KPYU=,4rfLdSaLz32wrhwfuk2X9VXo81Y=
-11,-17,pKcrVvYwtgLAu+KTzhBkDJ1KPYU=,4rfLdSaLz32wrhwfuk2X9VXo81Y=
-14,-17,pKcrVvYwtgLAu+KTzhBkDJ1KPYU=,WJZ7JNE740DjFPDuDkhQbL5w8Bo=
-12,-17,pKcrVvYwtgLAu+KTzhBkDJ1KPYU=,4rfLdSaLz32wrhwfuk2X9VXo81Y=
-13,-17,pKcrVvYwtgLAu+KTzhBkDJ1KPYU=,WJZ7JNE740DjFPDuDkhQbL5w8Bo=
-15,-17,pKcrVvYwtgLAu+KTzhBkDJ1KPYU=,WJZ7JNE740DjFPDuDkhQbL5w8Bo=
-16,-19,pKcrVvYwtgLAu+KTzhBkDJ1KPYU=,WJZ7JNE740DjFPDuDkhQbL5w8Bo=
-16,-18,pKcrVvYwtgLAu+KTzhBkDJ1KPYU=,WJZ7JNE740DjFPDuDkhQbL5w8Bo=
-16,-20,pKcrVvYwtgLAu+KTzhBkDJ1KPYU=,WJZ7JNE740DjFPDuDkhQbL5w8Bo=
-16,-22,pKcrVvYwtgLAu+KTzhBkDJ1KPYU=,6RX0ruYShErFcTR3ejvcVhhjBEg=
-16,-21,pKcrVvYwtgLAu+KTzhBkDJ1KPYU=,6RX0ruYShErFcTR3ejvcVhhjBEg=
-16,-23,pKcrVvYwtgLAu+KTzhBkDJ1KPYU=,6RX0ruYShErFcTR3ejvcVhhjBEg=
-16,-24,pKcrVvYwtgLAu+KTzhBkDJ1KPYU=,6RX0ruYShErFcTR3ejvcVhhjBEg=
-16,-26,pKcrVvYwtgLAu+KTzhBkDJ1KPYU=,yVDWaGRmjeGl7nxFr5bu+aTnRoE=
-16,-25,pKcrVvYwtgLAu+KTzhBkDJ1KPYU=,yVDWaGRmjeGl7nxFr5bu+aTnRoE=
-16,-27,pKcrVvYwtgLAu+KTzhBkDJ1KPYU=,yVDWaGRmjeGl7nxFr5bu+aTnRoE=
-16,-29,pKcrVvYwtgLAu+KTzhBkDJ1KPYU=,EQCSPGhYHV/byH27dmECwgKJoxU=
-16,-28,pKcrVvYwtgLAu+KTzhBkDJ1KPYU=,yVDWaGRmjeGl7nxFr5bu+aTnRoE=
-16,-31,pKcrVvYwtgLAu+KTzhBkDJ1KPYU=,EQCSPGhYHV/byH27dmECwgKJoxU=
-16,-30,pKcrVvYwtgLAu+KTzhBkDJ1KPYU=,EQCSPGhYHV/byH27dmECwgKJoxU=
-16,-32,pKcrVvYwtgLAu+KTzhBkDJ1KPYU=,EQCSPGhYHV/byH27dmECwgKJoxU=
-2,-28,pKcrVvYwtgLAu+KTzhBkDJ1KPYU=,fv8ROQTrx+tE0KZwotEQoLvToPg=
-1,-29,pKcrVvYwtgLAu+KTzhBkDJ1KPYU=,9i0AMMczBsG/EnRU2U4e+LpQCUQ=
-5,-30,pKcrVvYwtgLAu+KTzhBkDJ1KPYU=,Mpx1tKGOPjGbqbgbj0NDA65S/C4=
-2,-29,pKcrVvYwtgLAu+KTzhBkDJ1KPYU=,9i0AMMczBsG/EnRU2U4e+LpQCUQ=
-3,-29,pKcrVvYwtgLAu+KTzhBkDJ1KPYU=,9i0AMMczBsG/EnRU2U4e+LpQCUQ=
-5,-31,pKcrVvYwtgLAu+KTzhBkDJ1KPYU=,Mpx1tKGOPjGbqbgbj0NDA65S/C4=
-2,-30,pKcrVvYwtgLAu+KTzhBkDJ1KPYU=,9i0AMMczBsG/EnRU2U4e+LpQCUQ=
-1,-30,pKcrVvYwtgLAu+KTzhBkDJ1KPYU=,9i0AMMczBsG/EnRU2U4e+LpQCUQ=
-1,-32,pKcrVvYwtgLAu+KTzhBkDJ1KPYU=,9i0AMMczBsG/EnRU2U4e+LpQCUQ=
-5,-28,pKcrVvYwtgLAu+KTzhBkDJ1KPYU=,jpBPrXYRsnVOS0XoMnhLmo5OzfI=
-4,-30,pKcrVvYwtgLAu+KTzhBkDJ1KPYU=,9i0AMMczBsG/EnRU2U4e+LpQCUQ=
-3,-30,pKcrVvYwtgLAu+KTzhBkDJ1KPYU=,9i0AMMczBsG/EnRU2U4e+LpQCUQ=
-4,-29,pKcrVvYwtgLAu+KTzhBkDJ1KPYU=,9i0AMMczBsG/EnRU2U4e+LpQCUQ=
-1,-31,pKcrVvYwtgLAu+KTzhBkDJ1KPYU=,9i0AMMczBsG/EnRU2U4e+LpQCUQ=
-3,-28,pKcrVvYwtgLAu+KTzhBkDJ1KPYU=,fv8ROQTrx+tE0KZwotEQoLvToPg=
-5,-32,pKcrVvYwtgLAu+KTzhBkDJ1KPYU=,Mpx1tKGOPjGbqbgbj0NDA65S/C4=
-2,-31,pKcrVvYwtgLAu+KTzhBkDJ1KPYU=,9i0AMMczBsG/EnRU2U4e+LpQCUQ=
-1,-28,pKcrVvYwtgLAu+KTzhBkDJ1KPYU=,fv8ROQTrx+tE0KZwotEQoLvToPg=
-3,-31,pKcrVvYwtgLAu+KTzhBkDJ1KPYU=,9i0AMMczBsG/EnRU2U4e+LpQCUQ=
-4,-31,pKcrVvYwtgLAu+KTzhBkDJ1KPYU=,9i0AMMczBsG/EnRU2U4e+LpQCUQ=
-4,-28,pKcrVvYwtgLAu+KTzhBkDJ1KPYU=,fv8ROQTrx+tE0KZwotEQoLvToPg=
-4,-32,pKcrVvYwtgLAu+KTzhBkDJ1KPYU=,9i0AMMczBsG/EnRU2U4e+LpQCUQ=
-3,-32,pKcrVvYwtgLAu+KTzhBkDJ1KPYU=,9i0AMMczBsG/EnRU2U4e+LpQCUQ=
-2,-32,pKcrVvYwtgLAu+KTzhBkDJ1KPYU=,9i0AMMczBsG/EnRU2U4e+LpQCUQ=
-5,-29,pKcrVvYwtgLAu+KTzhBkDJ1KPYU=,Mpx1tKGOPjGbqbgbj0NDA65S/C4=
-16,-17,pKcrVvYwtgLAu+KTzhBkDJ1KPYU=,WJZ7JNE740DjFPDuDkhQbL5w8Bo=
-3,-20,pKcrVvYwtgLAu+KTzhBkDJ1KPYU=,zfqgAM1Ed71d345IUrgxStGkJCg=
-3,-19,pKcrVvYwtgLAu+KTzhBkDJ1KPYU=,zfqgAM1Ed71d345IUrgxStGkJCg=
-2,-19,pKcrVvYwtgLAu+KTzhBkDJ1KPYU=,zfqgAM1Ed71d345IUrgxStGkJCg=
-1,-19,pKcrVvYwtgLAu+KTzhBkDJ1KPYU=,zfqgAM1Ed71d345IUrgxStGkJCg=
-3,-21,pKcrVvYwtgLAu+KTzhBkDJ1KPYU=,O4rfjt/reyCINx71VDnLTbaNt6g=
-1,-21,pKcrVvYwtgLAu+KTzhBkDJ1KPYU=,O4rfjt/reyCINx71VDnLTbaNt6g=
-2,-21,pKcrVvYwtgLAu+KTzhBkDJ1KPYU=,O4rfjt/reyCINx71VDnLTbaNt6g=
-1,-20,pKcrVvYwtgLAu+KTzhBkDJ1KPYU=,zfqgAM1Ed71d345IUrgxStGkJCg=
-2,-18,pKcrVvYwtgLAu+KTzhBkDJ1KPYU=,zfqgAM1Ed71d345IUrgxStGkJCg=
-3,-18,pKcrVvYwtgLAu+KTzhBkDJ1KPYU=,zfqgAM1Ed71d345IUrgxStGkJCg=
-2,-17,pKcrVvYwtgLAu+KTzhBkDJ1KPYU=,zfqgAM1Ed71d345IUrgxStGkJCg=
-2,-20,pKcrVvYwtgLAu+KTzhBkDJ1KPYU=,zfqgAM1Ed71d345IUrgxStGkJCg=
-1,-18,pKcrVvYwtgLAu+KTzhBkDJ1KPYU=,zfqgAM1Ed71d345IUrgxStGkJCg=
-3,-17,pKcrVvYwtgLAu+KTzhBkDJ1KPYU=,zfqgAM1Ed71d345IUrgxStGkJCg=
-1,-17,pKcrVvYwtgLAu+KTzhBkDJ1KPYU=,zfqgAM1Ed71d345IUrgxStGkJCg=
-5,-21,pKcrVvYwtgLAu+KTzhBkDJ1KPYU=,EziW07WjyusCz8/mXgwAqMyhOAw=
-8,-17,pKcrVvYwtgLAu+KTzhBkDJ1KPYU=,icRXADFF4v6pTD5Myrh119X8Q50=
-7,-19,pKcrVvYwtgLAu+KTzhBkDJ1KPYU=,icRXADFF4v6pTD5Myrh119X8Q50=
-4,-21,pKcrVvYwtgLAu+KTzhBkDJ1KPYU=,O4rfjt/reyCINx71VDnLTbaNt6g=
-4,-19,pKcrVvYwtgLAu+KTzhBkDJ1KPYU=,zfqgAM1Ed71d345IUrgxStGkJCg=
-6,-21,pKcrVvYwtgLAu+KTzhBkDJ1KPYU=,EziW07WjyusCz8/mXgwAqMyhOAw=
-7,-17,pKcrVvYwtgLAu+KTzhBkDJ1KPYU=,icRXADFF4v6pTD5Myrh119X8Q50=
-4,-18,pKcrVvYwtgLAu+KTzhBkDJ1KPYU=,zfqgAM1Ed71d345IUrgxStGkJCg=
-9,-20,pKcrVvYwtgLAu+KTzhBkDJ1KPYU=,4rfLdSaLz32wrhwfuk2X9VXo81Y=
-4,-17,pKcrVvYwtgLAu+KTzhBkDJ1KPYU=,zfqgAM1Ed71d345IUrgxStGkJCg=
-5,-20,pKcrVvYwtgLAu+KTzhBkDJ1KPYU=,icRXADFF4v6pTD5Myrh119X8Q50=
-9,-17,pKcrVvYwtgLAu+KTzhBkDJ1KPYU=,4rfLdSaLz32wrhwfuk2X9VXo81Y=
-7,-18,pKcrVvYwtgLAu+KTzhBkDJ1KPYU=,icRXADFF4v6pTD5Myrh119X8Q50=
-5,-17,pKcrVvYwtgLAu+KTzhBkDJ1KPYU=,icRXADFF4v6pTD5Myrh119X8Q50=
-7,-21,pKcrVvYwtgLAu+KTzhBkDJ1KPYU=,EziW07WjyusCz8/mXgwAqMyhOAw=
-6,-18,pKcrVvYwtgLAu+KTzhBkDJ1KPYU=,icRXADFF4v6pTD5Myrh119X8Q50=
-5,-19,pKcrVvYwtgLAu+KTzhBkDJ1KPYU=,icRXADFF4v6pTD5Myrh119X8Q50=
-9,-18,pKcrVvYwtgLAu+KTzhBkDJ1KPYU=,4rfLdSaLz32wrhwfuk2X9VXo81Y=
-8,-18,pKcrVvYwtgLAu+KTzhBkDJ1KPYU=,icRXADFF4v6pTD5Myrh119X8Q50=
-9,-21,pKcrVvYwtgLAu+KTzhBkDJ1KPYU=,JvfmeC2CD6eaP8XylcGEQmVt1MQ=
-7,-20,pKcrVvYwtgLAu+KTzhBkDJ1KPYU=,icRXADFF4v6pTD5Myrh119X8Q50=
-8,-20,pKcrVvYwtgLAu+KTzhBkDJ1KPYU=,icRXADFF4v6pTD5Myrh119X8Q50=
-6,-20,pKcrVvYwtgLAu+KTzhBkDJ1KPYU=,icRXADFF4v6pTD5Myrh119X8Q50=
-6,-19,pKcrVvYwtgLAu+KTzhBkDJ1KPYU=,icRXADFF4v6pTD5Myrh119X8Q50=
-4,-20,pKcrVvYwtgLAu+KTzhBkDJ1KPYU=,zfqgAM1Ed71d345IUrgxStGkJCg=
-8,-19,pKcrVvYwtgLAu+KTzhBkDJ1KPYU=,icRXADFF4v6pTD5Myrh119X8Q50=
-9,-19,pKcrVvYwtgLAu+KTzhBkDJ1KPYU=,4rfLdSaLz32wrhwfuk2X9VXo81Y=
-8,-21,pKcrVvYwtgLAu+KTzhBkDJ1KPYU=,EziW07WjyusCz8/mXgwAqMyhOAw=
-5,-18,pKcrVvYwtgLAu+KTzhBkDJ1KPYU=,icRXADFF4v6pTD5Myrh119X8Q50=
-6,-17,pKcrVvYwtgLAu+KTzhBkDJ1KPYU=,icRXADFF4v6pTD5Myrh119X8Q50=
-31,-19,UaDQRYTADdVDCX1eykrJDVVKvlI=,WxKUFt4dupmyiowBzsIRViV2lAI=
-31,-18,UaDQRYTADdVDCX1eykrJDVVKvlI=,WxKUFt4dupmyiowBzsIRViV2lAI=
-31,-23,UaDQRYTADdVDCX1eykrJDVVKvlI=,3fjNoT5+1Kp9JVwk50OasAAlHoE=
-30,-19,UaDQRYTADdVDCX1eykrJDVVKvlI=,WxKUFt4dupmyiowBzsIRViV2lAI=
-30,-18,UaDQRYTADdVDCX1eykrJDVVKvlI=,WxKUFt4dupmyiowBzsIRViV2lAI=
-30,-22,UaDQRYTADdVDCX1eykrJDVVKvlI=,3fjNoT5+1Kp9JVwk50OasAAlHoE=
-31,-22,UaDQRYTADdVDCX1eykrJDVVKvlI=,3fjNoT5+1Kp9JVwk50OasAAlHoE=
-30,-23,UaDQRYTADdVDCX1eykrJDVVKvlI=,3fjNoT5+1Kp9JVwk50OasAAlHoE=
-31,-21,UaDQRYTADdVDCX1eykrJDVVKvlI=,3fjNoT5+1Kp9JVwk50OasAAlHoE=
-31,-20,UaDQRYTADdVDCX1eykrJDVVKvlI=,WxKUFt4dupmyiowBzsIRViV2lAI=
-30,-21,UaDQRYTADdVDCX1eykrJDVVKvlI=,3fjNoT5+1Kp9JVwk50OasAAlHoE=
-30,-20,UaDQRYTADdVDCX1eykrJDVVKvlI=,WxKUFt4dupmyiowBzsIRViV2lAI=
-26,-18,UaDQRYTADdVDCX1eykrJDVVKvlI=,eEmJ5iwQj4/2h7FmhiE/2OPxuhc=
-27,-18,UaDQRYTADdVDCX1eykrJDVVKvlI=,eEmJ5iwQj4/2h7FmhiE/2OPxuhc=
-28,-18,UaDQRYTADdVDCX1eykrJDVVKvlI=,eEmJ5iwQj4/2h7FmhiE/2OPxuhc=
-26,-19,UaDQRYTADdVDCX1eykrJDVVKvlI=,eEmJ5iwQj4/2h7FmhiE/2OPxuhc=
-29,-19,UaDQRYTADdVDCX1eykrJDVVKvlI=,WxKUFt4dupmyiowBzsIRViV2lAI=
-28,-19,UaDQRYTADdVDCX1eykrJDVVKvlI=,eEmJ5iwQj4/2h7FmhiE/2OPxuhc=
-29,-18,UaDQRYTADdVDCX1eykrJDVVKvlI=,WxKUFt4dupmyiowBzsIRViV2lAI=
-27,-19,UaDQRYTADdVDCX1eykrJDVVKvlI=,eEmJ5iwQj4/2h7FmhiE/2OPxuhc=
-26,-22,UaDQRYTADdVDCX1eykrJDVVKvlI=,0maA7K+n5xuiB0a9yzhDKiHIud8=
-26,-20,UaDQRYTADdVDCX1eykrJDVVKvlI=,eEmJ5iwQj4/2h7FmhiE/2OPxuhc=
-28,-23,UaDQRYTADdVDCX1eykrJDVVKvlI=,0maA7K+n5xuiB0a9yzhDKiHIud8=
-27,-20,UaDQRYTADdVDCX1eykrJDVVKvlI=,eEmJ5iwQj4/2h7FmhiE/2OPxuhc=
-29,-20,UaDQRYTADdVDCX1eykrJDVVKvlI=,WxKUFt4dupmyiowBzsIRViV2lAI=
-27,-22,UaDQRYTADdVDCX1eykrJDVVKvlI=,0maA7K+n5xuiB0a9yzhDKiHIud8=
-28,-22,UaDQRYTADdVDCX1eykrJDVVKvlI=,0maA7K+n5xuiB0a9yzhDKiHIud8=
-29,-23,UaDQRYTADdVDCX1eykrJDVVKvlI=,3fjNoT5+1Kp9JVwk50OasAAlHoE=
-29,-21,UaDQRYTADdVDCX1eykrJDVVKvlI=,3fjNoT5+1Kp9JVwk50OasAAlHoE=
-26,-23,UaDQRYTADdVDCX1eykrJDVVKvlI=,0maA7K+n5xuiB0a9yzhDKiHIud8=
-28,-20,UaDQRYTADdVDCX1eykrJDVVKvlI=,eEmJ5iwQj4/2h7FmhiE/2OPxuhc=
-26,-21,UaDQRYTADdVDCX1eykrJDVVKvlI=,0maA7K+n5xuiB0a9yzhDKiHIud8=
-27,-21,UaDQRYTADdVDCX1eykrJDVVKvlI=,0maA7K+n5xuiB0a9yzhDKiHIud8=
-29,-22,UaDQRYTADdVDCX1eykrJDVVKvlI=,3fjNoT5+1Kp9JVwk50OasAAlHoE=
-27,-23,UaDQRYTADdVDCX1eykrJDVVKvlI=,0maA7K+n5xuiB0a9yzhDKiHIud8=
-28,-21,UaDQRYTADdVDCX1eykrJDVVKvlI=,0maA7K+n5xuiB0a9yzhDKiHIud8=
-24,-23,UaDQRYTADdVDCX1eykrJDVVKvlI=,k+onwBr13rXyyNkFW6i8xBK1ZM4=
-22,-23,UaDQRYTADdVDCX1eykrJDVVKvlI=,k+onwBr13rXyyNkFW6i8xBK1ZM4=
-23,-22,UaDQRYTADdVDCX1eykrJDVVKvlI=,k+onwBr13rXyyNkFW6i8xBK1ZM4=
-23,-23,UaDQRYTADdVDCX1eykrJDVVKvlI=,k+onwBr13rXyyNkFW6i8xBK1ZM4=
-22,-22,UaDQRYTADdVDCX1eykrJDVVKvlI=,k+onwBr13rXyyNkFW6i8xBK1ZM4=
-25,-23,UaDQRYTADdVDCX1eykrJDVVKvlI=,0maA7K+n5xuiB0a9yzhDKiHIud8=
-24,-22,UaDQRYTADdVDCX1eykrJDVVKvlI=,k+onwBr13rXyyNkFW6i8xBK1ZM4=
-25,-22,UaDQRYTADdVDCX1eykrJDVVKvlI=,0maA7K+n5xuiB0a9yzhDKiHIud8=
-20,-22,UaDQRYTADdVDCX1eykrJDVVKvlI=,4Ehn964gyWX1S2Te43iXPBD8Rxc=
-20,-23,UaDQRYTADdVDCX1eykrJDVVKvlI=,4Ehn964gyWX1S2Te43iXPBD8Rxc=
-19,-22,UaDQRYTADdVDCX1eykrJDVVKvlI=,4Ehn964gyWX1S2Te43iXPBD8Rxc=
-18,-23,UaDQRYTADdVDCX1eykrJDVVKvlI=,4Ehn964gyWX1S2Te43iXPBD8Rxc=
-18,-22,UaDQRYTADdVDCX1eykrJDVVKvlI=,4Ehn964gyWX1S2Te43iXPBD8Rxc=
-19,-23,UaDQRYTADdVDCX1eykrJDVVKvlI=,4Ehn964gyWX1S2Te43iXPBD8Rxc=
-21,-23,UaDQRYTADdVDCX1eykrJDVVKvlI=,k+onwBr13rXyyNkFW6i8xBK1ZM4=
-21,-22,UaDQRYTADdVDCX1eykrJDVVKvlI=,k+onwBr13rXyyNkFW6i8xBK1ZM4=
-19,-24,UaDQRYTADdVDCX1eykrJDVVKvlI=,4Ehn964gyWX1S2Te43iXPBD8Rxc=
-18,-27,UaDQRYTADdVDCX1eykrJDVVKvlI=,DUjnj0TlC5L3WB6lUKlByPkI3e0=
-18,-24,UaDQRYTADdVDCX1eykrJDVVKvlI=,4Ehn964gyWX1S2Te43iXPBD8Rxc=
-19,-27,UaDQRYTADdVDCX1eykrJDVVKvlI=,DUjnj0TlC5L3WB6lUKlByPkI3e0=
-19,-26,UaDQRYTADdVDCX1eykrJDVVKvlI=,DUjnj0TlC5L3WB6lUKlByPkI3e0=
-18,-26,UaDQRYTADdVDCX1eykrJDVVKvlI=,DUjnj0TlC5L3WB6lUKlByPkI3e0=
-19,-25,UaDQRYTADdVDCX1eykrJDVVKvlI=,DUjnj0TlC5L3WB6lUKlByPkI3e0=
-23,-26,UaDQRYTADdVDCX1eykrJDVVKvlI=,eqSsl4y49+evTBHTYqyz7H9hPOs=
-18,-25,UaDQRYTADdVDCX1eykrJDVVKvlI=,DUjnj0TlC5L3WB6lUKlByPkI3e0=
-22,-25,UaDQRYTADdVDCX1eykrJDVVKvlI=,eqSsl4y49+evTBHTYqyz7H9hPOs=
-22,-26,UaDQRYTADdVDCX1eykrJDVVKvlI=,eqSsl4y49+evTBHTYqyz7H9hPOs=
-21,-24,UaDQRYTADdVDCX1eykrJDVVKvlI=,k+onwBr13rXyyNkFW6i8xBK1ZM4=
-21,-25,UaDQRYTADdVDCX1eykrJDVVKvlI=,eqSsl4y49+evTBHTYqyz7H9hPOs=
-23,-24,UaDQRYTADdVDCX1eykrJDVVKvlI=,k+onwBr13rXyyNkFW6i8xBK1ZM4=
-20,-27,UaDQRYTADdVDCX1eykrJDVVKvlI=,DUjnj0TlC5L3WB6lUKlByPkI3e0=
-20,-26,UaDQRYTADdVDCX1eykrJDVVKvlI=,DUjnj0TlC5L3WB6lUKlByPkI3e0=
-20,-25,UaDQRYTADdVDCX1eykrJDVVKvlI=,DUjnj0TlC5L3WB6lUKlByPkI3e0=
-22,-24,UaDQRYTADdVDCX1eykrJDVVKvlI=,k+onwBr13rXyyNkFW6i8xBK1ZM4=
-21,-27,UaDQRYTADdVDCX1eykrJDVVKvlI=,eqSsl4y49+evTBHTYqyz7H9hPOs=
-22,-27,UaDQRYTADdVDCX1eykrJDVVKvlI=,eqSsl4y49+evTBHTYqyz7H9hPOs=
-21,-26,UaDQRYTADdVDCX1eykrJDVVKvlI=,eqSsl4y49+evTBHTYqyz7H9hPOs=
-23,-25,UaDQRYTADdVDCX1eykrJDVVKvlI=,eqSsl4y49+evTBHTYqyz7H9hPOs=
-20,-24,UaDQRYTADdVDCX1eykrJDVVKvlI=,4Ehn964gyWX1S2Te43iXPBD8Rxc=
-23,-27,UaDQRYTADdVDCX1eykrJDVVKvlI=,eqSsl4y49+evTBHTYqyz7H9hPOs=
-23,-29,EoSnMicZDEK/DUczdu/t04qIQC4=,u2JaTpdbqjU3wU2zLniWZXsVdtM=
-23,-28,EoSnMicZDEK/DUczdu/t04qIQC4=,eqSsl4y49+evTBHTYqyz7H9hPOs=
-22,-31,EoSnMicZDEK/DUczdu/t04qIQC4=,u2JaTpdbqjU3wU2zLniWZXsVdtM=
-23,-31,EoSnMicZDEK/DUczdu/t04qIQC4=,u2JaTpdbqjU3wU2zLniWZXsVdtM=
-22,-30,EoSnMicZDEK/DUczdu/t04qIQC4=,u2JaTpdbqjU3wU2zLniWZXsVdtM=
-22,-28,EoSnMicZDEK/DUczdu/t04qIQC4=,eqSsl4y49+evTBHTYqyz7H9hPOs=
-23,-30,EoSnMicZDEK/DUczdu/t04qIQC4=,u2JaTpdbqjU3wU2zLniWZXsVdtM=
-22,-29,EoSnMicZDEK/DUczdu/t04qIQC4=,u2JaTpdbqjU3wU2zLniWZXsVdtM=
-18,-31,EoSnMicZDEK/DUczdu/t04qIQC4=,VStDiG9U/XCt9pWj9dI9aPIjyhw=
-21,-30,EoSnMicZDEK/DUczdu/t04qIQC4=,u2JaTpdbqjU3wU2zLniWZXsVdtM=
-19,-30,EoSnMicZDEK/DUczdu/t04qIQC4=,VStDiG9U/XCt9pWj9dI9aPIjyhw=
-18,-30,EoSnMicZDEK/DUczdu/t04qIQC4=,VStDiG9U/XCt9pWj9dI9aPIjyhw=
-20,-29,EoSnMicZDEK/DUczdu/t04qIQC4=,VStDiG9U/XCt9pWj9dI9aPIjyhw=
-21,-31,EoSnMicZDEK/DUczdu/t04qIQC4=,u2JaTpdbqjU3wU2zLniWZXsVdtM=
-20,-30,EoSnMicZDEK/DUczdu/t04qIQC4=,VStDiG9U/XCt9pWj9dI9aPIjyhw=
-19,-28,EoSnMicZDEK/DUczdu/t04qIQC4=,DUjnj0TlC5L3WB6lUKlByPkI3e0=
-21,-29,EoSnMicZDEK/DUczdu/t04qIQC4=,u2JaTpdbqjU3wU2zLniWZXsVdtM=
-21,-28,EoSnMicZDEK/DUczdu/t04qIQC4=,eqSsl4y49+evTBHTYqyz7H9hPOs=
-19,-29,EoSnMicZDEK/DUczdu/t04qIQC4=,VStDiG9U/XCt9pWj9dI9aPIjyhw=
-19,-31,EoSnMicZDEK/DUczdu/t04qIQC4=,VStDiG9U/XCt9pWj9dI9aPIjyhw=
-18,-29,EoSnMicZDEK/DUczdu/t04qIQC4=,VStDiG9U/XCt9pWj9dI9aPIjyhw=
-20,-31,EoSnMicZDEK/DUczdu/t04qIQC4=,VStDiG9U/XCt9pWj9dI9aPIjyhw=
-20,-28,EoSnMicZDEK/DUczdu/t04qIQC4=,DUjnj0TlC5L3WB6lUKlByPkI3e0=
-18,-28,EoSnMicZDEK/DUczdu/t04qIQC4=,DUjnj0TlC5L3WB6lUKlByPkI3e0=
-24,-27,EoSnMicZDEK/DUczdu/t04qIQC4=,eqSsl4y49+evTBHTYqyz7H9hPOs=
-25,-25,EoSnMicZDEK/DUczdu/t04qIQC4=,fWnFFvgCh/X2nbSneDeY27CrfPo=
-25,-26,EoSnMicZDEK/DUczdu/t04qIQC4=,fWnFFvgCh/X2nbSneDeY27CrfPo=
-25,-24,EoSnMicZDEK/DUczdu/t04qIQC4=,0maA7K+n5xuiB0a9yzhDKiHIud8=
-24,-24,EoSnMicZDEK/DUczdu/t04qIQC4=,k+onwBr13rXyyNkFW6i8xBK1ZM4=
-26,-25,EoSnMicZDEK/DUczdu/t04qIQC4=,fWnFFvgCh/X2nbSneDeY27CrfPo=
-27,-25,EoSnMicZDEK/DUczdu/t04qIQC4=,fWnFFvgCh/X2nbSneDeY27CrfPo=
-26,-26,EoSnMicZDEK/DUczdu/t04qIQC4=,fWnFFvgCh/X2nbSneDeY27CrfPo=
-27,-24,EoSnMicZDEK/DUczdu/t04qIQC4=,0maA7K+n5xuiB0a9yzhDKiHIud8=
-26,-24,EoSnMicZDEK/DUczdu/t04qIQC4=,0maA7K+n5xuiB0a9yzhDKiHIud8=
-27,-26,EoSnMicZDEK/DUczdu/t04qIQC4=,fWnFFvgCh/X2nbSneDeY27CrfPo=
-24,-26,EoSnMicZDEK/DUczdu/t04qIQC4=,eqSsl4y49+evTBHTYqyz7H9hPOs=
-24,-25,EoSnMicZDEK/DUczdu/t04qIQC4=,eqSsl4y49+evTBHTYqyz7H9hPOs=
-25,-29,EoSnMicZDEK/DUczdu/t04qIQC4=,ZPGBrQ0TnTZJk567RW5mNmU5FYg=
-25,-30,EoSnMicZDEK/DUczdu/t04qIQC4=,ZPGBrQ0TnTZJk567RW5mNmU5FYg=
-24,-29,EoSnMicZDEK/DUczdu/t04qIQC4=,u2JaTpdbqjU3wU2zLniWZXsVdtM=
-26,-30,EoSnMicZDEK/DUczdu/t04qIQC4=,ZPGBrQ0TnTZJk567RW5mNmU5FYg=
-25,-27,EoSnMicZDEK/DUczdu/t04qIQC4=,fWnFFvgCh/X2nbSneDeY27CrfPo=
-25,-31,EoSnMicZDEK/DUczdu/t04qIQC4=,ZPGBrQ0TnTZJk567RW5mNmU5FYg=
-24,-28,EoSnMicZDEK/DUczdu/t04qIQC4=,eqSsl4y49+evTBHTYqyz7H9hPOs=
-24,-30,EoSnMicZDEK/DUczdu/t04qIQC4=,u2JaTpdbqjU3wU2zLniWZXsVdtM=
-26,-27,EoSnMicZDEK/DUczdu/t04qIQC4=,fWnFFvgCh/X2nbSneDeY27CrfPo=
-27,-27,EoSnMicZDEK/DUczdu/t04qIQC4=,fWnFFvgCh/X2nbSneDeY27CrfPo=
-27,-29,EoSnMicZDEK/DUczdu/t04qIQC4=,ZPGBrQ0TnTZJk567RW5mNmU5FYg=
-26,-29,EoSnMicZDEK/DUczdu/t04qIQC4=,ZPGBrQ0TnTZJk567RW5mNmU5FYg=
-25,-28,EoSnMicZDEK/DUczdu/t04qIQC4=,fWnFFvgCh/X2nbSneDeY27CrfPo=
-27,-30,EoSnMicZDEK/DUczdu/t04qIQC4=,ZPGBrQ0TnTZJk567RW5mNmU5FYg=
-26,-31,EoSnMicZDEK/DUczdu/t04qIQC4=,ZPGBrQ0TnTZJk567RW5mNmU5FYg=
-27,-31,EoSnMicZDEK/DUczdu/t04qIQC4=,ZPGBrQ0TnTZJk567RW5mNmU5FYg=
-24,-31,EoSnMicZDEK/DUczdu/t04qIQC4=,u2JaTpdbqjU3wU2zLniWZXsVdtM=
-26,-28,EoSnMicZDEK/DUczdu/t04qIQC4=,fWnFFvgCh/X2nbSneDeY27CrfPo=
-27,-28,EoSnMicZDEK/DUczdu/t04qIQC4=,fWnFFvgCh/X2nbSneDeY27CrfPo=
-27,-32,EoSnMicZDEK/DUczdu/t04qIQC4=,ZPGBrQ0TnTZJk567RW5mNmU5FYg=
-26,-32,EoSnMicZDEK/DUczdu/t04qIQC4=,ZPGBrQ0TnTZJk567RW5mNmU5FYg=
-32,-23,EoSnMicZDEK/DUczdu/t04qIQC4=,3fjNoT5+1Kp9JVwk50OasAAlHoE=
-32,-22,EoSnMicZDEK/DUczdu/t04qIQC4=,3fjNoT5+1Kp9JVwk50OasAAlHoE=
-32,-18,EoSnMicZDEK/DUczdu/t04qIQC4=,WxKUFt4dupmyiowBzsIRViV2lAI=
-32,-20,EoSnMicZDEK/DUczdu/t04qIQC4=,WxKUFt4dupmyiowBzsIRViV2lAI=
-32,-21,EoSnMicZDEK/DUczdu/t04qIQC4=,3fjNoT5+1Kp9JVwk50OasAAlHoE=
-32,-19,EoSnMicZDEK/DUczdu/t04qIQC4=,WxKUFt4dupmyiowBzsIRViV2lAI=
-31,-17,EoSnMicZDEK/DUczdu/t04qIQC4=,WxKUFt4dupmyiowBzsIRViV2lAI=
-30,-17,EoSnMicZDEK/DUczdu/t04qIQC4=,WxKUFt4dupmyiowBzsIRViV2lAI=
-26,-17,EoSnMicZDEK/DUczdu/t04qIQC4=,eEmJ5iwQj4/2h7FmhiE/2OPxuhc=
-28,-17,EoSnMicZDEK/DUczdu/t04qIQC4=,eEmJ5iwQj4/2h7FmhiE/2OPxuhc=
-27,-17,EoSnMicZDEK/DUczdu/t04qIQC4=,eEmJ5iwQj4/2h7FmhiE/2OPxuhc=
-29,-17,EoSnMicZDEK/DUczdu/t04qIQC4=,WxKUFt4dupmyiowBzsIRViV2lAI=
-32,-27,EoSnMicZDEK/DUczdu/t04qIQC4=,Mob5a9+M4kdy/bQTHQzwW1MLbYo=
-32,-24,EoSnMicZDEK/DUczdu/t04qIQC4=,3fjNoT5+1Kp9JVwk50OasAAlHoE=
-28,-25,EoSnMicZDEK/DUczdu/t04qIQC4=,fWnFFvgCh/X2nbSneDeY27CrfPo=
-29,-24,EoSnMicZDEK/DUczdu/t04qIQC4=,3fjNoT5+1Kp9JVwk50OasAAlHoE=
-31,-24,EoSnMicZDEK/DUczdu/t04qIQC4=,3fjNoT5+1Kp9JVwk50OasAAlHoE=
-29,-25,EoSnMicZDEK/DUczdu/t04qIQC4=,Mob5a9+M4kdy/bQTHQzwW1MLbYo=
-28,-24,EoSnMicZDEK/DUczdu/t04qIQC4=,0maA7K+n5xuiB0a9yzhDKiHIud8=
-30,-25,EoSnMicZDEK/DUczdu/t04qIQC4=,Mob5a9+M4kdy/bQTHQzwW1MLbYo=
-28,-26,EoSnMicZDEK/DUczdu/t04qIQC4=,fWnFFvgCh/X2nbSneDeY27CrfPo=
-30,-24,EoSnMicZDEK/DUczdu/t04qIQC4=,3fjNoT5+1Kp9JVwk50OasAAlHoE=
-31,-25,EoSnMicZDEK/DUczdu/t04qIQC4=,Mob5a9+M4kdy/bQTHQzwW1MLbYo=
-32,-26,EoSnMicZDEK/DUczdu/t04qIQC4=,Mob5a9+M4kdy/bQTHQzwW1MLbYo=
-32,-25,EoSnMicZDEK/DUczdu/t04qIQC4=,Mob5a9+M4kdy/bQTHQzwW1MLbYo=
-29,-27,EoSnMicZDEK/DUczdu/t04qIQC4=,Mob5a9+M4kdy/bQTHQzwW1MLbYo=
-31,-27,EoSnMicZDEK/DUczdu/t04qIQC4=,Mob5a9+M4kdy/bQTHQzwW1MLbYo=
-30,-26,EoSnMicZDEK/DUczdu/t04qIQC4=,Mob5a9+M4kdy/bQTHQzwW1MLbYo=
-28,-27,EoSnMicZDEK/DUczdu/t04qIQC4=,fWnFFvgCh/X2nbSneDeY27CrfPo=
-30,-27,EoSnMicZDEK/DUczdu/t04qIQC4=,Mob5a9+M4kdy/bQTHQzwW1MLbYo=
-29,-26,EoSnMicZDEK/DUczdu/t04qIQC4=,Mob5a9+M4kdy/bQTHQzwW1MLbYo=
-31,-26,EoSnMicZDEK/DUczdu/t04qIQC4=,Mob5a9+M4kdy/bQTHQzwW1MLbYo=
-17,-23,EoSnMicZDEK/DUczdu/t04qIQC4=,4Ehn964gyWX1S2Te43iXPBD8Rxc=
-17,-22,EoSnMicZDEK/DUczdu/t04qIQC4=,4Ehn964gyWX1S2Te43iXPBD8Rxc=
-17,-27,EoSnMicZDEK/DUczdu/t04qIQC4=,DUjnj0TlC5L3WB6lUKlByPkI3e0=
-17,-24,EoSnMicZDEK/DUczdu/t04qIQC4=,4Ehn964gyWX1S2Te43iXPBD8Rxc=
-17,-25,EoSnMicZDEK/DUczdu/t04qIQC4=,DUjnj0TlC5L3WB6lUKlByPkI3e0=
-17,-26,EoSnMicZDEK/DUczdu/t04qIQC4=,DUjnj0TlC5L3WB6lUKlByPkI3e0=
-17,-31,EoSnMicZDEK/DUczdu/t04qIQC4=,VStDiG9U/XCt9pWj9dI9aPIjyhw=
-17,-30,EoSnMicZDEK/DUczdu/t04qIQC4=,VStDiG9U/XCt9pWj9dI9aPIjyhw=
-17,-28,EoSnMicZDEK/DUczdu/t04qIQC4=,DUjnj0TlC5L3WB6lUKlByPkI3e0=
-17,-29,EoSnMicZDEK/DUczdu/t04qIQC4=,VStDiG9U/XCt9pWj9dI9aPIjyhw=
-29,-30,EoSnMicZDEK/DUczdu/t04qIQC4=,3XMR8wWxjOIHnPEsd80uJXhHkoM=
-32,-28,EoSnMicZDEK/DUczdu/t04qIQC4=,Mob5a9+M4kdy/bQTHQzwW1MLbYo=
-32,-31,EoSnMicZDEK/DUczdu/t04qIQC4=,3XMR8wWxjOIHnPEsd80uJXhHkoM=
-28,-29,EoSnMicZDEK/DUczdu/t04qIQC4=,ZPGBrQ0TnTZJk567RW5mNmU5FYg=
-29,-28,EoSnMicZDEK/DUczdu/t04qIQC4=,Mob5a9+M4kdy/bQTHQzwW1MLbYo=
-30,-30,EoSnMicZDEK/DUczdu/t04qIQC4=,3XMR8wWxjOIHnPEsd80uJXhHkoM=
-29,-32,EoSnMicZDEK/DUczdu/t04qIQC4=,3XMR8wWxjOIHnPEsd80uJXhHkoM=
-29,-29,EoSnMicZDEK/DUczdu/t04qIQC4=,3XMR8wWxjOIHnPEsd80uJXhHkoM=
-30,-28,EoSnMicZDEK/DUczdu/t04qIQC4=,Mob5a9+M4kdy/bQTHQzwW1MLbYo=
-32,-29,EoSnMicZDEK/DUczdu/t04qIQC4=,3XMR8wWxjOIHnPEsd80uJXhHkoM=
-31,-29,EoSnMicZDEK/DUczdu/t04qIQC4=,3XMR8wWxjOIHnPEsd80uJXhHkoM=
-31,-28,EoSnMicZDEK/DUczdu/t04qIQC4=,Mob5a9+M4kdy/bQTHQzwW1MLbYo=
-30,-32,EoSnMicZDEK/DUczdu/t04qIQC4=,3XMR8wWxjOIHnPEsd80uJXhHkoM=
-30,-29,EoSnMicZDEK/DUczdu/t04qIQC4=,3XMR8wWxjOIHnPEsd80uJXhHkoM=
-28,-31,EoSnMicZDEK/DUczdu/t04qIQC4=,ZPGBrQ0TnTZJk567RW5mNmU5FYg=
-28,-30,EoSnMicZDEK/DUczdu/t04qIQC4=,ZPGBrQ0TnTZJk567RW5mNmU5FYg=
-31,-31,EoSnMicZDEK/DUczdu/t04qIQC4=,3XMR8wWxjOIHnPEsd80uJXhHkoM=
-31,-30,EoSnMicZDEK/DUczdu/t04qIQC4=,3XMR8wWxjOIHnPEsd80uJXhHkoM=
-28,-32,EoSnMicZDEK/DUczdu/t04qIQC4=,ZPGBrQ0TnTZJk567RW5mNmU5FYg=
-32,-30,EoSnMicZDEK/DUczdu/t04qIQC4=,3XMR8wWxjOIHnPEsd80uJXhHkoM=
-29,-31,EoSnMicZDEK/DUczdu/t04qIQC4=,3XMR8wWxjOIHnPEsd80uJXhHkoM=
-30,-31,EoSnMicZDEK/DUczdu/t04qIQC4=,3XMR8wWxjOIHnPEsd80uJXhHkoM=
-32,-32,EoSnMicZDEK/DUczdu/t04qIQC4=,3XMR8wWxjOIHnPEsd80uJXhHkoM=
-31,-32,EoSnMicZDEK/DUczdu/t04qIQC4=,3XMR8wWxjOIHnPEsd80uJXhHkoM=
-28,-28,EoSnMicZDEK/DUczdu/t04qIQC4=,fWnFFvgCh/X2nbSneDeY27CrfPo=
-22,-32,EoSnMicZDEK/DUczdu/t04qIQC4=,u2JaTpdbqjU3wU2zLniWZXsVdtM=
-23,-32,EoSnMicZDEK/DUczdu/t04qIQC4=,u2JaTpdbqjU3wU2zLniWZXsVdtM=
-24,-32,EoSnMicZDEK/DUczdu/t04qIQC4=,u2JaTpdbqjU3wU2zLniWZXsVdtM=
-25,-32,EoSnMicZDEK/DUczdu/t04qIQC4=,ZPGBrQ0TnTZJk567RW5mNmU5FYg=
-32,-17,EoSnMicZDEK/DUczdu/t04qIQC4=,WxKUFt4dupmyiowBzsIRViV2lAI=
-20,-32,EoSnMicZDEK/DUczdu/t04qIQC4=,VStDiG9U/XCt9pWj9dI9aPIjyhw=
-21,-32,EoSnMicZDEK/DUczdu/t04qIQC4=,u2JaTpdbqjU3wU2zLniWZXsVdtM=
-19,-32,EoSnMicZDEK/DUczdu/t04qIQC4=,VStDiG9U/XCt9pWj9dI9aPIjyhw=
-17,-32,EoSnMicZDEK/DUczdu/t04qIQC4=,VStDiG9U/XCt9pWj9dI9aPIjyhw=
-18,-32,EoSnMicZDEK/DUczdu/t04qIQC4=,VStDiG9U/XCt9pWj9dI9aPIjyhw=
-18,-21,EoSnMicZDEK/DUczdu/t04qIQC4=,4Ehn964gyWX1S2Te43iXPBD8Rxc=
-17,-18,EoSnMicZDEK/DUczdu/t04qIQC4=,NmhwVLDb6Fn+GpoMeXxuHSI1nm0=
-19,-18,EoSnMicZDEK/DUczdu/t04qIQC4=,NmhwVLDb6Fn+GpoMeXxuHSI1nm0=
-17,-17,EoSnMicZDEK/DUczdu/t04qIQC4=,NmhwVLDb6Fn+GpoMeXxuHSI1nm0=
-18,-17,EoSnMicZDEK/DUczdu/t04qIQC4=,NmhwVLDb6Fn+GpoMeXxuHSI1nm0=
-19,-21,EoSnMicZDEK/DUczdu/t04qIQC4=,4Ehn964gyWX1S2Te43iXPBD8Rxc=
-17,-21,EoSnMicZDEK/DUczdu/t04qIQC4=,4Ehn964gyWX1S2Te43iXPBD8Rxc=
-17,-19,EoSnMicZDEK/DUczdu/t04qIQC4=,NmhwVLDb6Fn+GpoMeXxuHSI1nm0=
-19,-17,EoSnMicZDEK/DUczdu/t04qIQC4=,NmhwVLDb6Fn+GpoMeXxuHSI1nm0=
-18,-20,EoSnMicZDEK/DUczdu/t04qIQC4=,NmhwVLDb6Fn+GpoMeXxuHSI1nm0=
-17,-20,EoSnMicZDEK/DUczdu/t04qIQC4=,NmhwVLDb6Fn+GpoMeXxuHSI1nm0=
-19,-20,EoSnMicZDEK/DUczdu/t04qIQC4=,NmhwVLDb6Fn+GpoMeXxuHSI1nm0=
-24,-19,EoSnMicZDEK/DUczdu/t04qIQC4=,Q5+BUUvHA4mX2RnUVFCZptqF6Sw=
-18,-19,EoSnMicZDEK/DUczdu/t04qIQC4=,NmhwVLDb6Fn+GpoMeXxuHSI1nm0=
-19,-19,EoSnMicZDEK/DUczdu/t04qIQC4=,NmhwVLDb6Fn+GpoMeXxuHSI1nm0=
-21,-20,EoSnMicZDEK/DUczdu/t04qIQC4=,Q5+BUUvHA4mX2RnUVFCZptqF6Sw=
-18,-18,EoSnMicZDEK/DUczdu/t04qIQC4=,NmhwVLDb6Fn+GpoMeXxuHSI1nm0=
-25,-20,EoSnMicZDEK/DUczdu/t04qIQC4=,eEmJ5iwQj4/2h7FmhiE/2OPxuhc=
-20,-21,EoSnMicZDEK/DUczdu/t04qIQC4=,4Ehn964gyWX1S2Te43iXPBD8Rxc=
-20,-18,EoSnMicZDEK/DUczdu/t04qIQC4=,NmhwVLDb6Fn+GpoMeXxuHSI1nm0=
-25,-17,EoSnMicZDEK/DUczdu/t04qIQC4=,eEmJ5iwQj4/2h7FmhiE/2OPxuhc=
-21,-18,EoSnMicZDEK/DUczdu/t04qIQC4=,Q5+BUUvHA4mX2RnUVFCZptqF6Sw=
-21,-21,EoSnMicZDEK/DUczdu/t04qIQC4=,k+onwBr13rXyyNkFW6i8xBK1ZM4=
-24,-17,EoSnMicZDEK/DUczdu/t04qIQC4=,Q5+BUUvHA4mX2RnUVFCZptqF6Sw=
-24,-20,EoSnMicZDEK/DUczdu/t04qIQC4=,Q5+BUUvHA4mX2RnUVFCZptqF6Sw=
-22,-21,EoSnMicZDEK/DUczdu/t04qIQC4=,k+onwBr13rXyyNkFW6i8xBK1ZM4=
-22,-18,EoSnMicZDEK/DUczdu/t04qIQC4=,Q5+BUUvHA4mX2RnUVFCZptqF6Sw=
-22,-20,EoSnMicZDEK/DUczdu/t04qIQC4=,Q5+BUUvHA4mX2RnUVFCZptqF6Sw=
-25,-18,EoSnMicZDEK/DUczdu/t04qIQC4=,eEmJ5iwQj4/2h7FmhiE/2OPxuhc=
-23,-21,EoSnMicZDEK/DUczdu/t04qIQC4=,k+onwBr13rXyyNkFW6i8xBK1ZM4=
-21,-19,EoSnMicZDEK/DUczdu/t04qIQC4=,Q5+BUUvHA4mX2RnUVFCZptqF6Sw=
-23,-20,EoSnMicZDEK/DUczdu/t04qIQC4=,Q5+BUUvHA4mX2RnUVFCZptqF6Sw=
-23,-17,EoSnMicZDEK/DUczdu/t04qIQC4=,Q5+BUUvHA4mX2RnUVFCZptqF6Sw=
-23,-18,EoSnMicZDEK/DUczdu/t04qIQC4=,Q5+BUUvHA4mX2RnUVFCZptqF6Sw=
-25,-21,EoSnMicZDEK/DUczdu/t04qIQC4=,0maA7K+n5xuiB0a9yzhDKiHIud8=
-20,-20,EoSnMicZDEK/DUczdu/t04qIQC4=,NmhwVLDb6Fn+GpoMeXxuHSI1nm0=
-24,-21,EoSnMicZDEK/DUczdu/t04qIQC4=,k+onwBr13rXyyNkFW6i8xBK1ZM4=
-24,-18,EoSnMicZDEK/DUczdu/t04qIQC4=,Q5+BUUvHA4mX2RnUVFCZptqF6Sw=
-25,-19,EoSnMicZDEK/DUczdu/t04qIQC4=,eEmJ5iwQj4/2h7FmhiE/2OPxuhc=
-21,-17,EoSnMicZDEK/DUczdu/t04qIQC4=,Q5+BUUvHA4mX2RnUVFCZptqF6Sw=
-23,-19,EoSnMicZDEK/DUczdu/t04qIQC4=,Q5+BUUvHA4mX2RnUVFCZptqF6Sw=
-22,-17,EoSnMicZDEK/DUczdu/t04qIQC4=,Q5+BUUvHA4mX2RnUVFCZptqF6Sw=
-22,-19,EoSnMicZDEK/DUczdu/t04qIQC4=,Q5+BUUvHA4mX2RnUVFCZptqF6Sw=
-20,-19,EoSnMicZDEK/DUczdu/t04qIQC4=,NmhwVLDb6Fn+GpoMeXxuHSI1nm0=
-20,-17,EoSnMicZDEK/DUczdu/t04qIQC4=,NmhwVLDb6Fn+GpoMeXxuHSI1nm0=
-27,-3,EoSnMicZDEK/DUczdu/t04qIQC4=,0z3LLov9jbxW8pmo9x7lwQf/FPY=
-26,-3,EoSnMicZDEK/DUczdu/t04qIQC4=,0z3LLov9jbxW8pmo9x7lwQf/FPY=
-27,-2,EoSnMicZDEK/DUczdu/t04qIQC4=,0z3LLov9jbxW8pmo9x7lwQf/FPY=
-26,-2,EoSnMicZDEK/DUczdu/t04qIQC4=,0z3LLov9jbxW8pmo9x7lwQf/FPY=
-28,-3,EoSnMicZDEK/DUczdu/t04qIQC4=,0z3LLov9jbxW8pmo9x7lwQf/FPY=
-29,-3,EoSnMicZDEK/DUczdu/t04qIQC4=,ROBn1cZaxIRtF8kAV4YMrB0FSew=
-30,-2,EoSnMicZDEK/DUczdu/t04qIQC4=,ROBn1cZaxIRtF8kAV4YMrB0FSew=
-28,-2,EoSnMicZDEK/DUczdu/t04qIQC4=,0z3LLov9jbxW8pmo9x7lwQf/FPY=
-29,-2,EoSnMicZDEK/DUczdu/t04qIQC4=,ROBn1cZaxIRtF8kAV4YMrB0FSew=
-31,-3,SXaq5I6YPerbv/0uBTXUtqpPAik=,ROBn1cZaxIRtF8kAV4YMrB0FSew=
-31,-2,SXaq5I6YPerbv/0uBTXUtqpPAik=,ROBn1cZaxIRtF8kAV4YMrB0FSew=
-30,-3,SXaq5I6YPerbv/0uBTXUtqpPAik=,ROBn1cZaxIRtF8kAV4YMrB0FSew=
-27,-7,SXaq5I6YPerbv/0uBTXUtqpPAik=,9aZEgZ/OsVZahqC7TsfjcgUQqCI=
-26,-6,SXaq5I6YPerbv/0uBTXUtqpPAik=,9aZEgZ/OsVZahqC7TsfjcgUQqCI=
-27,-4,SXaq5I6YPerbv/0uBTXUtqpPAik=,0z3LLov9jbxW8pmo9x7lwQf/FPY=
-26,-7,SXaq5I6YPerbv/0uBTXUtqpPAik=,9aZEgZ/OsVZahqC7TsfjcgUQqCI=
-28,-7,SXaq5I6YPerbv/0uBTXUtqpPAik=,9aZEgZ/OsVZahqC7TsfjcgUQqCI=
-27,-5,SXaq5I6YPerbv/0uBTXUtqpPAik=,9aZEgZ/OsVZahqC7TsfjcgUQqCI=
-26,-5,SXaq5I6YPerbv/0uBTXUtqpPAik=,9aZEgZ/OsVZahqC7TsfjcgUQqCI=
-27,-6,SXaq5I6YPerbv/0uBTXUtqpPAik=,9aZEgZ/OsVZahqC7TsfjcgUQqCI=
-30,-6,SXaq5I6YPerbv/0uBTXUtqpPAik=,Vu4AHxrVEl3+q3ypOrtpAsCsa88=
-31,-6,SXaq5I6YPerbv/0uBTXUtqpPAik=,Vu4AHxrVEl3+q3ypOrtpAsCsa88=
-26,-4,SXaq5I6YPerbv/0uBTXUtqpPAik=,0z3LLov9jbxW8pmo9x7lwQf/FPY=
-29,-6,SXaq5I6YPerbv/0uBTXUtqpPAik=,Vu4AHxrVEl3+q3ypOrtpAsCsa88=
-29,-7,SXaq5I6YPerbv/0uBTXUtqpPAik=,Vu4AHxrVEl3+q3ypOrtpAsCsa88=
-28,-6,SXaq5I6YPerbv/0uBTXUtqpPAik=,9aZEgZ/OsVZahqC7TsfjcgUQqCI=
-29,-4,SXaq5I6YPerbv/0uBTXUtqpPAik=,ROBn1cZaxIRtF8kAV4YMrB0FSew=
-30,-7,SXaq5I6YPerbv/0uBTXUtqpPAik=,Vu4AHxrVEl3+q3ypOrtpAsCsa88=
-31,-7,SXaq5I6YPerbv/0uBTXUtqpPAik=,Vu4AHxrVEl3+q3ypOrtpAsCsa88=
-28,-4,SXaq5I6YPerbv/0uBTXUtqpPAik=,0z3LLov9jbxW8pmo9x7lwQf/FPY=
-31,-4,SXaq5I6YPerbv/0uBTXUtqpPAik=,ROBn1cZaxIRtF8kAV4YMrB0FSew=
-31,-5,SXaq5I6YPerbv/0uBTXUtqpPAik=,Vu4AHxrVEl3+q3ypOrtpAsCsa88=
-30,-4,SXaq5I6YPerbv/0uBTXUtqpPAik=,ROBn1cZaxIRtF8kAV4YMrB0FSew=
-29,-5,SXaq5I6YPerbv/0uBTXUtqpPAik=,Vu4AHxrVEl3+q3ypOrtpAsCsa88=
-30,-5,SXaq5I6YPerbv/0uBTXUtqpPAik=,Vu4AHxrVEl3+q3ypOrtpAsCsa88=
-28,-5,SXaq5I6YPerbv/0uBTXUtqpPAik=,9aZEgZ/OsVZahqC7TsfjcgUQqCI=
-25,-7,SXaq5I6YPerbv/0uBTXUtqpPAik=,9aZEgZ/OsVZahqC7TsfjcgUQqCI=
-23,-7,SXaq5I6YPerbv/0uBTXUtqpPAik=,nT717eHhFXaWSese9DO20jtEZXw=
-23,-6,SXaq5I6YPerbv/0uBTXUtqpPAik=,nT717eHhFXaWSese9DO20jtEZXw=
-24,-7,SXaq5I6YPerbv/0uBTXUtqpPAik=,nT717eHhFXaWSese9DO20jtEZXw=
-22,-6,SXaq5I6YPerbv/0uBTXUtqpPAik=,nT717eHhFXaWSese9DO20jtEZXw=
-22,-7,SXaq5I6YPerbv/0uBTXUtqpPAik=,nT717eHhFXaWSese9DO20jtEZXw=
-24,-6,SXaq5I6YPerbv/0uBTXUtqpPAik=,nT717eHhFXaWSese9DO20jtEZXw=
-25,-6,SXaq5I6YPerbv/0uBTXUtqpPAik=,9aZEgZ/OsVZahqC7TsfjcgUQqCI=
-22,-5,SXaq5I6YPerbv/0uBTXUtqpPAik=,nT717eHhFXaWSese9DO20jtEZXw=
-24,-5,SXaq5I6YPerbv/0uBTXUtqpPAik=,nT717eHhFXaWSese9DO20jtEZXw=
-23,-5,SXaq5I6YPerbv/0uBTXUtqpPAik=,nT717eHhFXaWSese9DO20jtEZXw=
-25,-5,SXaq5I6YPerbv/0uBTXUtqpPAik=,9aZEgZ/OsVZahqC7TsfjcgUQqCI=
-22,-4,SXaq5I6YPerbv/0uBTXUtqpPAik=,+daf/jM3ywInqZ31xlDBg5GR9n8=
-23,-3,SXaq5I6YPerbv/0uBTXUtqpPAik=,+daf/jM3ywInqZ31xlDBg5GR9n8=
-23,-4,SXaq5I6YPerbv/0uBTXUtqpPAik=,+daf/jM3ywInqZ31xlDBg5GR9n8=
-25,-4,SXaq5I6YPerbv/0uBTXUtqpPAik=,0z3LLov9jbxW8pmo9x7lwQf/FPY=
-24,-3,SXaq5I6YPerbv/0uBTXUtqpPAik=,+daf/jM3ywInqZ31xlDBg5GR9n8=
-24,-2,SXaq5I6YPerbv/0uBTXUtqpPAik=,+daf/jM3ywInqZ31xlDBg5GR9n8=
-25,-2,SXaq5I6YPerbv/0uBTXUtqpPAik=,0z3LLov9jbxW8pmo9x7lwQf/FPY=
-25,-3,SXaq5I6YPerbv/0uBTXUtqpPAik=,0z3LLov9jbxW8pmo9x7lwQf/FPY=
-24,-4,SXaq5I6YPerbv/0uBTXUtqpPAik=,+daf/jM3ywInqZ31xlDBg5GR9n8=
-23,-2,SXaq5I6YPerbv/0uBTXUtqpPAik=,+daf/jM3ywInqZ31xlDBg5GR9n8=
-22,-3,SXaq5I6YPerbv/0uBTXUtqpPAik=,+daf/jM3ywInqZ31xlDBg5GR9n8=
-22,-2,SXaq5I6YPerbv/0uBTXUtqpPAik=,+daf/jM3ywInqZ31xlDBg5GR9n8=
-19,-2,SXaq5I6YPerbv/0uBTXUtqpPAik=,oRE5iC7Le5wWb4+f5ccgYCnF0iI=
-20,-3,SXaq5I6YPerbv/0uBTXUtqpPAik=,oRE5iC7Le5wWb4+f5ccgYCnF0iI=
-19,-3,SXaq5I6YPerbv/0uBTXUtqpPAik=,oRE5iC7Le5wWb4+f5ccgYCnF0iI=
-18,-2,SXaq5I6YPerbv/0uBTXUtqpPAik=,oRE5iC7Le5wWb4+f5ccgYCnF0iI=
-18,-3,SXaq5I6YPerbv/0uBTXUtqpPAik=,oRE5iC7Le5wWb4+f5ccgYCnF0iI=
-20,-2,SXaq5I6YPerbv/0uBTXUtqpPAik=,oRE5iC7Le5wWb4+f5ccgYCnF0iI=
-21,-3,SXaq5I6YPerbv/0uBTXUtqpPAik=,+daf/jM3ywInqZ31xlDBg5GR9n8=
-18,-6,SXaq5I6YPerbv/0uBTXUtqpPAik=,MQaq939BkqYRaLN16S+6Qamjc8Q=
-21,-4,SXaq5I6YPerbv/0uBTXUtqpPAik=,+daf/jM3ywInqZ31xlDBg5GR9n8=
-21,-2,SXaq5I6YPerbv/0uBTXUtqpPAik=,+daf/jM3ywInqZ31xlDBg5GR9n8=
-21,-6,SXaq5I6YPerbv/0uBTXUtqpPAik=,nT717eHhFXaWSese9DO20jtEZXw=
-19,-5,SXaq5I6YPerbv/0uBTXUtqpPAik=,MQaq939BkqYRaLN16S+6Qamjc8Q=
-20,-5,SXaq5I6YPerbv/0uBTXUtqpPAik=,MQaq939BkqYRaLN16S+6Qamjc8Q=
-18,-4,SXaq5I6YPerbv/0uBTXUtqpPAik=,oRE5iC7Le5wWb4+f5ccgYCnF0iI=
-20,-4,SXaq5I6YPerbv/0uBTXUtqpPAik=,oRE5iC7Le5wWb4+f5ccgYCnF0iI=
-19,-4,SXaq5I6YPerbv/0uBTXUtqpPAik=,oRE5iC7Le5wWb4+f5ccgYCnF0iI=
-21,-5,SXaq5I6YPerbv/0uBTXUtqpPAik=,nT717eHhFXaWSese9DO20jtEZXw=
-19,-7,SXaq5I6YPerbv/0uBTXUtqpPAik=,MQaq939BkqYRaLN16S+6Qamjc8Q=
-18,-7,SXaq5I6YPerbv/0uBTXUtqpPAik=,MQaq939BkqYRaLN16S+6Qamjc8Q=
-20,-6,SXaq5I6YPerbv/0uBTXUtqpPAik=,MQaq939BkqYRaLN16S+6Qamjc8Q=
-21,-7,SXaq5I6YPerbv/0uBTXUtqpPAik=,nT717eHhFXaWSese9DO20jtEZXw=
-19,-6,SXaq5I6YPerbv/0uBTXUtqpPAik=,MQaq939BkqYRaLN16S+6Qamjc8Q=
-18,-5,SXaq5I6YPerbv/0uBTXUtqpPAik=,MQaq939BkqYRaLN16S+6Qamjc8Q=
-20,-7,SXaq5I6YPerbv/0uBTXUtqpPAik=,MQaq939BkqYRaLN16S+6Qamjc8Q=
-19,-10,SXaq5I6YPerbv/0uBTXUtqpPAik=,N2XueQ1VaAOvm+/r7GG+pHEpME4=
-19,-11,SXaq5I6YPerbv/0uBTXUtqpPAik=,N2XueQ1VaAOvm+/r7GG+pHEpME4=
-18,-10,SXaq5I6YPerbv/0uBTXUtqpPAik=,N2XueQ1VaAOvm+/r7GG+pHEpME4=
-19,-8,SXaq5I6YPerbv/0uBTXUtqpPAik=,MQaq939BkqYRaLN16S+6Qamjc8Q=
-18,-9,SXaq5I6YPerbv/0uBTXUtqpPAik=,N2XueQ1VaAOvm+/r7GG+pHEpME4=
-18,-11,SXaq5I6YPerbv/0uBTXUtqpPAik=,N2XueQ1VaAOvm+/r7GG+pHEpME4=
-19,-9,SXaq5I6YPerbv/0uBTXUtqpPAik=,N2XueQ1VaAOvm+/r7GG+pHEpME4=
-18,-8,SXaq5I6YPerbv/0uBTXUtqpPAik=,MQaq939BkqYRaLN16S+6Qamjc8Q=
-23,-8,SXaq5I6YPerbv/0uBTXUtqpPAik=,nT717eHhFXaWSese9DO20jtEZXw=
-22,-10,SXaq5I6YPerbv/0uBTXUtqpPAik=,KO00qakt2TdHwwResM43T1G+Euc=
-21,-10,SXaq5I6YPerbv/0uBTXUtqpPAik=,KO00qakt2TdHwwResM43T1G+Euc=
-22,-11,SXaq5I6YPerbv/0uBTXUtqpPAik=,KO00qakt2TdHwwResM43T1G+Euc=
-21,-11,SXaq5I6YPerbv/0uBTXUtqpPAik=,KO00qakt2TdHwwResM43T1G+Euc=
-22,-8,SXaq5I6YPerbv/0uBTXUtqpPAik=,nT717eHhFXaWSese9DO20jtEZXw=
-20,-10,SXaq5I6YPerbv/0uBTXUtqpPAik=,N2XueQ1VaAOvm+/r7GG+pHEpME4=
-20,-9,SXaq5I6YPerbv/0uBTXUtqpPAik=,N2XueQ1VaAOvm+/r7GG+pHEpME4=
-21,-8,SXaq5I6YPerbv/0uBTXUtqpPAik=,nT717eHhFXaWSese9DO20jtEZXw=
-23,-10,SXaq5I6YPerbv/0uBTXUtqpPAik=,KO00qakt2TdHwwResM43T1G+Euc=
-23,-11,SXaq5I6YPerbv/0uBTXUtqpPAik=,KO00qakt2TdHwwResM43T1G+Euc=
-20,-8,SXaq5I6YPerbv/0uBTXUtqpPAik=,MQaq939BkqYRaLN16S+6Qamjc8Q=
-20,-11,SXaq5I6YPerbv/0uBTXUtqpPAik=,N2XueQ1VaAOvm+/r7GG+pHEpME4=
-21,-9,SXaq5I6YPerbv/0uBTXUtqpPAik=,KO00qakt2TdHwwResM43T1G+Euc=
-22,-9,SXaq5I6YPerbv/0uBTXUtqpPAik=,KO00qakt2TdHwwResM43T1G+Euc=
-23,-9,SXaq5I6YPerbv/0uBTXUtqpPAik=,KO00qakt2TdHwwResM43T1G+Euc=
-22,-14,SXaq5I6YPerbv/0uBTXUtqpPAik=,vd9rqKtOGHuWk1DkHrDM5+V+oII=
-23,-14,SXaq5I6YPerbv/0uBTXUtqpPAik=,vd9rqKtOGHuWk1DkHrDM5+V+oII=
-22,-15,SXaq5I6YPerbv/0uBTXUtqpPAik=,vd9rqKtOGHuWk1DkHrDM5+V+oII=
-23,-13,SXaq5I6YPerbv/0uBTXUtqpPAik=,vd9rqKtOGHuWk1DkHrDM5+V+oII=
-23,-15,SXaq5I6YPerbv/0uBTXUtqpPAik=,vd9rqKtOGHuWk1DkHrDM5+V+oII=
-22,-12,SXaq5I6YPerbv/0uBTXUtqpPAik=,KO00qakt2TdHwwResM43T1G+Euc=
-18,-12,SXaq5I6YPerbv/0uBTXUtqpPAik=,N2XueQ1VaAOvm+/r7GG+pHEpME4=
-22,-13,SXaq5I6YPerbv/0uBTXUtqpPAik=,vd9rqKtOGHuWk1DkHrDM5+V+oII=
-21,-14,SXaq5I6YPerbv/0uBTXUtqpPAik=,vd9rqKtOGHuWk1DkHrDM5+V+oII=
-23,-12,SXaq5I6YPerbv/0uBTXUtqpPAik=,KO00qakt2TdHwwResM43T1G+Euc=
-21,-15,SXaq5I6YPerbv/0uBTXUtqpPAik=,vd9rqKtOGHuWk1DkHrDM5+V+oII=
-18,-13,SXaq5I6YPerbv/0uBTXUtqpPAik=,vD5fYdVzMi/UTg1Advs+Ckyxo8g=
-19,-12,SXaq5I6YPerbv/0uBTXUtqpPAik=,N2XueQ1VaAOvm+/r7GG+pHEpME4=
-19,-13,SXaq5I6YPerbv/0uBTXUtqpPAik=,vD5fYdVzMi/UTg1Advs+Ckyxo8g=
-20,-13,SXaq5I6YPerbv/0uBTXUtqpPAik=,vD5fYdVzMi/UTg1Advs+Ckyxo8g=
-18,-14,SXaq5I6YPerbv/0uBTXUtqpPAik=,vD5fYdVzMi/UTg1Advs+Ckyxo8g=
-20,-12,SXaq5I6YPerbv/0uBTXUtqpPAik=,N2XueQ1VaAOvm+/r7GG+pHEpME4=
-20,-14,SXaq5I6YPerbv/0uBTXUtqpPAik=,vD5fYdVzMi/UTg1Advs+Ckyxo8g=
-19,-14,SXaq5I6YPerbv/0uBTXUtqpPAik=,vD5fYdVzMi/UTg1Advs+Ckyxo8g=
-18,-15,SXaq5I6YPerbv/0uBTXUtqpPAik=,vD5fYdVzMi/UTg1Advs+Ckyxo8g=
-21,-12,SXaq5I6YPerbv/0uBTXUtqpPAik=,KO00qakt2TdHwwResM43T1G+Euc=
-20,-15,SXaq5I6YPerbv/0uBTXUtqpPAik=,vD5fYdVzMi/UTg1Advs+Ckyxo8g=
-19,-15,SXaq5I6YPerbv/0uBTXUtqpPAik=,vD5fYdVzMi/UTg1Advs+Ckyxo8g=
-21,-13,SXaq5I6YPerbv/0uBTXUtqpPAik=,vd9rqKtOGHuWk1DkHrDM5+V+oII=
-26,-9,usNC7dM313UiXX3ZDbYOtt6v2HY=,dDNGXVlWFsgLG4NKAWXabtHDdiA=
-25,-10,usNC7dM313UiXX3ZDbYOtt6v2HY=,dDNGXVlWFsgLG4NKAWXabtHDdiA=
-26,-11,usNC7dM313UiXX3ZDbYOtt6v2HY=,dDNGXVlWFsgLG4NKAWXabtHDdiA=
-27,-9,usNC7dM313UiXX3ZDbYOtt6v2HY=,dDNGXVlWFsgLG4NKAWXabtHDdiA=
-24,-9,usNC7dM313UiXX3ZDbYOtt6v2HY=,KO00qakt2TdHwwResM43T1G+Euc=
-25,-8,usNC7dM313UiXX3ZDbYOtt6v2HY=,9aZEgZ/OsVZahqC7TsfjcgUQqCI=
-24,-8,usNC7dM313UiXX3ZDbYOtt6v2HY=,nT717eHhFXaWSese9DO20jtEZXw=
-27,-10,usNC7dM313UiXX3ZDbYOtt6v2HY=,dDNGXVlWFsgLG4NKAWXabtHDdiA=
-26,-10,usNC7dM313UiXX3ZDbYOtt6v2HY=,dDNGXVlWFsgLG4NKAWXabtHDdiA=
-25,-9,usNC7dM313UiXX3ZDbYOtt6v2HY=,dDNGXVlWFsgLG4NKAWXabtHDdiA=
-25,-11,usNC7dM313UiXX3ZDbYOtt6v2HY=,dDNGXVlWFsgLG4NKAWXabtHDdiA=
-26,-8,usNC7dM313UiXX3ZDbYOtt6v2HY=,9aZEgZ/OsVZahqC7TsfjcgUQqCI=
-24,-10,usNC7dM313UiXX3ZDbYOtt6v2HY=,KO00qakt2TdHwwResM43T1G+Euc=
-27,-8,usNC7dM313UiXX3ZDbYOtt6v2HY=,9aZEgZ/OsVZahqC7TsfjcgUQqCI=
-24,-11,usNC7dM313UiXX3ZDbYOtt6v2HY=,KO00qakt2TdHwwResM43T1G+Euc=
-27,-11,usNC7dM313UiXX3ZDbYOtt6v2HY=,dDNGXVlWFsgLG4NKAWXabtHDdiA=
-23,-16,usNC7dM313UiXX3ZDbYOtt6v2HY=,vd9rqKtOGHuWk1DkHrDM5+V+oII=
-22,-16,usNC7dM313UiXX3ZDbYOtt6v2HY=,vd9rqKtOGHuWk1DkHrDM5+V+oII=
-27,-16,usNC7dM313UiXX3ZDbYOtt6v2HY=,RcCCaOsIRcrXwJqImbbJZ5TmDpo=
-26,-15,usNC7dM313UiXX3ZDbYOtt6v2HY=,RcCCaOsIRcrXwJqImbbJZ5TmDpo=
-24,-15,usNC7dM313UiXX3ZDbYOtt6v2HY=,vd9rqKtOGHuWk1DkHrDM5+V+oII=
-24,-13,usNC7dM313UiXX3ZDbYOtt6v2HY=,vd9rqKtOGHuWk1DkHrDM5+V+oII=
-26,-16,usNC7dM313UiXX3ZDbYOtt6v2HY=,RcCCaOsIRcrXwJqImbbJZ5TmDpo=
-25,-15,usNC7dM313UiXX3ZDbYOtt6v2HY=,RcCCaOsIRcrXwJqImbbJZ5TmDpo=
-26,-14,usNC7dM313UiXX3ZDbYOtt6v2HY=,RcCCaOsIRcrXwJqImbbJZ5TmDpo=
-27,-15,usNC7dM313UiXX3ZDbYOtt6v2HY=,RcCCaOsIRcrXwJqImbbJZ5TmDpo=
-27,-14,usNC7dM313UiXX3ZDbYOtt6v2HY=,RcCCaOsIRcrXwJqImbbJZ5TmDpo=
-25,-13,usNC7dM313UiXX3ZDbYOtt6v2HY=,RcCCaOsIRcrXwJqImbbJZ5TmDpo=
-25,-16,usNC7dM313UiXX3ZDbYOtt6v2HY=,RcCCaOsIRcrXwJqImbbJZ5TmDpo=
-25,-14,usNC7dM313UiXX3ZDbYOtt6v2HY=,RcCCaOsIRcrXwJqImbbJZ5TmDpo=
-24,-14,usNC7dM313UiXX3ZDbYOtt6v2HY=,vd9rqKtOGHuWk1DkHrDM5+V+oII=
-24,-12,usNC7dM313UiXX3ZDbYOtt6v2HY=,KO00qakt2TdHwwResM43T1G+Euc=
-27,-13,usNC7dM313UiXX3ZDbYOtt6v2HY=,RcCCaOsIRcrXwJqImbbJZ5TmDpo=
-27,-12,usNC7dM313UiXX3ZDbYOtt6v2HY=,dDNGXVlWFsgLG4NKAWXabtHDdiA=
-24,-16,usNC7dM313UiXX3ZDbYOtt6v2HY=,vd9rqKtOGHuWk1DkHrDM5+V+oII=
-26,-13,usNC7dM313UiXX3ZDbYOtt6v2HY=,RcCCaOsIRcrXwJqImbbJZ5TmDpo=
-25,-12,usNC7dM313UiXX3ZDbYOtt6v2HY=,dDNGXVlWFsgLG4NKAWXabtHDdiA=
-26,-12,usNC7dM313UiXX3ZDbYOtt6v2HY=,dDNGXVlWFsgLG4NKAWXabtHDdiA=
-19,-16,usNC7dM313UiXX3ZDbYOtt6v2HY=,vD5fYdVzMi/UTg1Advs+Ckyxo8g=
-21,-16,usNC7dM313UiXX3ZDbYOtt6v2HY=,vd9rqKtOGHuWk1DkHrDM5+V+oII=
-18,-16,usNC7dM313UiXX3ZDbYOtt6v2HY=,vD5fYdVzMi/UTg1Advs+Ckyxo8g=
-20,-16,usNC7dM313UiXX3ZDbYOtt6v2HY=,vD5fYdVzMi/UTg1Advs+Ckyxo8g=
-29,-14,usNC7dM313UiXX3ZDbYOtt6v2HY=,CcJwlvGqtg3qfua/sHyvIDY5Jb8=
-30,-14,usNC7dM313UiXX3ZDbYOtt6v2HY=,CcJwlvGqtg3qfua/sHyvIDY5Jb8=
-28,-14,usNC7dM313UiXX3ZDbYOtt6v2HY=,RcCCaOsIRcrXwJqImbbJZ5TmDpo=
-28,-16,usNC7dM313UiXX3ZDbYOtt6v2HY=,RcCCaOsIRcrXwJqImbbJZ5TmDpo=
-31,-14,usNC7dM313UiXX3ZDbYOtt6v2HY=,CcJwlvGqtg3qfua/sHyvIDY5Jb8=
-29,-16,usNC7dM313UiXX3ZDbYOtt6v2HY=,CcJwlvGqtg3qfua/sHyvIDY5Jb8=
-31,-16,usNC7dM313UiXX3ZDbYOtt6v2HY=,CcJwlvGqtg3qfua/sHyvIDY5Jb8=
-30,-16,usNC7dM313UiXX3ZDbYOtt6v2HY=,CcJwlvGqtg3qfua/sHyvIDY5Jb8=
-32,-15,usNC7dM313UiXX3ZDbYOtt6v2HY=,CcJwlvGqtg3qfua/sHyvIDY5Jb8=
-29,-15,usNC7dM313UiXX3ZDbYOtt6v2HY=,CcJwlvGqtg3qfua/sHyvIDY5Jb8=
-28,-15,usNC7dM313UiXX3ZDbYOtt6v2HY=,RcCCaOsIRcrXwJqImbbJZ5TmDpo=
-32,-14,usNC7dM313UiXX3ZDbYOtt6v2HY=,CcJwlvGqtg3qfua/sHyvIDY5Jb8=
-30,-15,usNC7dM313UiXX3ZDbYOtt6v2HY=,CcJwlvGqtg3qfua/sHyvIDY5Jb8=
-31,-15,usNC7dM313UiXX3ZDbYOtt6v2HY=,CcJwlvGqtg3qfua/sHyvIDY5Jb8=
-30,-12,usNC7dM313UiXX3ZDbYOtt6v2HY=,Dr1Fd5tfHYYK4D09Zt5+TG12IU4=
-28,-10,usNC7dM313UiXX3ZDbYOtt6v2HY=,dDNGXVlWFsgLG4NKAWXabtHDdiA=
-29,-10,usNC7dM313UiXX3ZDbYOtt6v2HY=,Dr1Fd5tfHYYK4D09Zt5+TG12IU4=
-29,-13,usNC7dM313UiXX3ZDbYOtt6v2HY=,CcJwlvGqtg3qfua/sHyvIDY5Jb8=
-28,-9,usNC7dM313UiXX3ZDbYOtt6v2HY=,dDNGXVlWFsgLG4NKAWXabtHDdiA=
-32,-11,usNC7dM313UiXX3ZDbYOtt6v2HY=,Dr1Fd5tfHYYK4D09Zt5+TG12IU4=
-29,-12,usNC7dM313UiXX3ZDbYOtt6v2HY=,Dr1Fd5tfHYYK4D09Zt5+TG12IU4=
-31,-12,usNC7dM313UiXX3ZDbYOtt6v2HY=,Dr1Fd5tfHYYK4D09Zt5+TG12IU4=
-28,-11,usNC7dM313UiXX3ZDbYOtt6v2HY=,dDNGXVlWFsgLG4NKAWXabtHDdiA=
-30,-10,usNC7dM313UiXX3ZDbYOtt6v2HY=,Dr1Fd5tfHYYK4D09Zt5+TG12IU4=
-31,-11,usNC7dM313UiXX3ZDbYOtt6v2HY=,Dr1Fd5tfHYYK4D09Zt5+TG12IU4=
-30,-8,usNC7dM313UiXX3ZDbYOtt6v2HY=,Vu4AHxrVEl3+q3ypOrtpAsCsa88=
-32,-10,usNC7dM313UiXX3ZDbYOtt6v2HY=,Dr1Fd5tfHYYK4D09Zt5+TG12IU4=
-31,-10,usNC7dM313UiXX3ZDbYOtt6v2HY=,Dr1Fd5tfHYYK4D09Zt5+TG12IU4=
-29,-11,usNC7dM313UiXX3ZDbYOtt6v2HY=,Dr1Fd5tfHYYK4D09Zt5+TG12IU4=
-28,-12,usNC7dM313UiXX3ZDbYOtt6v2HY=,dDNGXVlWFsgLG4NKAWXabtHDdiA=
-31,-8,usNC7dM313UiXX3ZDbYOtt6v2HY=,Vu4AHxrVEl3+q3ypOrtpAsCsa88=
-29,-8,usNC7dM313UiXX3ZDbYOtt6v2HY=,Vu4AHxrVEl3+q3ypOrtpAsCsa88=
-32,-12,usNC7dM313UiXX3ZDbYOtt6v2HY=,Dr1Fd5tfHYYK4D09Zt5+TG12IU4=
-29,-9,usNC7dM313UiXX3ZDbYOtt6v2HY=,Dr1Fd5tfHYYK4D09Zt5+TG12IU4=
-30,-11,usNC7dM313UiXX3ZDbYOtt6v2HY=,Dr1Fd5tfHYYK4D09Zt5+TG12IU4=
-28,-8,usNC7dM313UiXX3ZDbYOtt6v2HY=,9aZEgZ/OsVZahqC7TsfjcgUQqCI=
-28,-13,usNC7dM313UiXX3ZDbYOtt6v2HY=,RcCCaOsIRcrXwJqImbbJZ5TmDpo=
-30,-13,usNC7dM313UiXX3ZDbYOtt6v2HY=,CcJwlvGqtg3qfua/sHyvIDY5Jb8=
-31,-13,usNC7dM313UiXX3ZDbYOtt6v2HY=,CcJwlvGqtg3qfua/sHyvIDY5Jb8=
-32,-13,usNC7dM313UiXX3ZDbYOtt6v2HY=,CcJwlvGqtg3qfua/sHyvIDY5Jb8=
-31,-9,usNC7dM313UiXX3ZDbYOtt6v2HY=,Dr1Fd5tfHYYK4D09Zt5+TG12IU4=
-30,-9,usNC7dM313UiXX3ZDbYOtt6v2HY=,Dr1Fd5tfHYYK4D09Zt5+TG12IU4=
-32,-6,usNC7dM313UiXX3ZDbYOtt6v2HY=,Vu4AHxrVEl3+q3ypOrtpAsCsa88=
-32,-7,usNC7dM313UiXX3ZDbYOtt6v2HY=,Vu4AHxrVEl3+q3ypOrtpAsCsa88=
-32,-8,usNC7dM313UiXX3ZDbYOtt6v2HY=,Vu4AHxrVEl3+q3ypOrtpAsCsa88=
-32,-9,usNC7dM313UiXX3ZDbYOtt6v2HY=,Dr1Fd5tfHYYK4D09Zt5+TG12IU4=
-32,-5,usNC7dM313UiXX3ZDbYOtt6v2HY=,Vu4AHxrVEl3+q3ypOrtpAsCsa88=
-32,-2,usNC7dM313UiXX3ZDbYOtt6v2HY=,ROBn1cZaxIRtF8kAV4YMrB0FSew=
-32,-3,usNC7dM313UiXX3ZDbYOtt6v2HY=,ROBn1cZaxIRtF8kAV4YMrB0FSew=
-32,-4,usNC7dM313UiXX3ZDbYOtt6v2HY=,ROBn1cZaxIRtF8kAV4YMrB0FSew=
-30,-1,usNC7dM313UiXX3ZDbYOtt6v2HY=,ROBn1cZaxIRtF8kAV4YMrB0FSew=
-31,-1,usNC7dM313UiXX3ZDbYOtt6v2HY=,ROBn1cZaxIRtF8kAV4YMrB0FSew=
-28,-1,usNC7dM313UiXX3ZDbYOtt6v2HY=,0z3LLov9jbxW8pmo9x7lwQf/FPY=
-24,-1,usNC7dM313UiXX3ZDbYOtt6v2HY=,+daf/jM3ywInqZ31xlDBg5GR9n8=
-23,-1,usNC7dM313UiXX3ZDbYOtt6v2HY=,+daf/jM3ywInqZ31xlDBg5GR9n8=
-25,-1,usNC7dM313UiXX3ZDbYOtt6v2HY=,0z3LLov9jbxW8pmo9x7lwQf/FPY=
-27,-1,usNC7dM313UiXX3ZDbYOtt6v2HY=,0z3LLov9jbxW8pmo9x7lwQf/FPY=
-22,-1,usNC7dM313UiXX3ZDbYOtt6v2HY=,+daf/jM3ywInqZ31xlDBg5GR9n8=
-26,-1,usNC7dM313UiXX3ZDbYOtt6v2HY=,0z3LLov9jbxW8pmo9x7lwQf/FPY=
-29,-1,usNC7dM313UiXX3ZDbYOtt6v2HY=,ROBn1cZaxIRtF8kAV4YMrB0FSew=
-17,-3,usNC7dM313UiXX3ZDbYOtt6v2HY=,oRE5iC7Le5wWb4+f5ccgYCnF0iI=
-17,-2,usNC7dM313UiXX3ZDbYOtt6v2HY=,oRE5iC7Le5wWb4+f5ccgYCnF0iI=
-19,-1,usNC7dM313UiXX3ZDbYOtt6v2HY=,oRE5iC7Le5wWb4+f5ccgYCnF0iI=
-20,-1,usNC7dM313UiXX3ZDbYOtt6v2HY=,oRE5iC7Le5wWb4+f5ccgYCnF0iI=
-18,-1,usNC7dM313UiXX3ZDbYOtt6v2HY=,oRE5iC7Le5wWb4+f5ccgYCnF0iI=
-21,-1,usNC7dM313UiXX3ZDbYOtt6v2HY=,+daf/jM3ywInqZ31xlDBg5GR9n8=
-17,-1,usNC7dM313UiXX3ZDbYOtt6v2HY=,oRE5iC7Le5wWb4+f5ccgYCnF0iI=
-17,-15,usNC7dM313UiXX3ZDbYOtt6v2HY=,vD5fYdVzMi/UTg1Advs+Ckyxo8g=
-17,-7,usNC7dM313UiXX3ZDbYOtt6v2HY=,MQaq939BkqYRaLN16S+6Qamjc8Q=
-17,-4,usNC7dM313UiXX3ZDbYOtt6v2HY=,oRE5iC7Le5wWb4+f5ccgYCnF0iI=
-17,-14,usNC7dM313UiXX3ZDbYOtt6v2HY=,vD5fYdVzMi/UTg1Advs+Ckyxo8g=
-17,-11,usNC7dM313UiXX3ZDbYOtt6v2HY=,N2XueQ1VaAOvm+/r7GG+pHEpME4=
-17,-6,usNC7dM313UiXX3ZDbYOtt6v2HY=,MQaq939BkqYRaLN16S+6Qamjc8Q=
-17,-9,usNC7dM313UiXX3ZDbYOtt6v2HY=,N2XueQ1VaAOvm+/r7GG+pHEpME4=
-17,-13,usNC7dM313UiXX3ZDbYOtt6v2HY=,vD5fYdVzMi/UTg1Advs+Ckyxo8g=
-17,-5,usNC7dM313UiXX3ZDbYOtt6v2HY=,MQaq939BkqYRaLN16S+6Qamjc8Q=
-17,-8,usNC7dM313UiXX3ZDbYOtt6v2HY=,MQaq939BkqYRaLN16S+6Qamjc8Q=
-17,-10,usNC7dM313UiXX3ZDbYOtt6v2HY=,N2XueQ1VaAOvm+/r7GG+pHEpME4=
-17,-12,usNC7dM313UiXX3ZDbYOtt6v2HY=,N2XueQ1VaAOvm+/r7GG+pHEpME4=
-17,-16,usNC7dM313UiXX3ZDbYOtt6v2HY=,vD5fYdVzMi/UTg1Advs+Ckyxo8g=
-32,-16,usNC7dM313UiXX3ZDbYOtt6v2HY=,CcJwlvGqtg3qfua/sHyvIDY5Jb8=
-32,-1,usNC7dM313UiXX3ZDbYOtt6v2HY=,ROBn1cZaxIRtF8kAV4YMrB0FSew=
