-75,25,ZBXznCg5m9JtdPtqkUWove97LR8=,7A1jY97vI4l1LjJvRWnoku6yjPU=
-74,26,ZBXznCg5m9JtdPtqkUWove97LR8=,7A1jY97vI4l1LjJvRWnoku6yjPU=
-75,26,ZBXznCg5m9JtdPtqkUWove97LR8=,7A1jY97vI4l1LjJvRWnoku6yjPU=
-74,25,ZBXznCg5m9JtdPtqkUWove97LR8=,7A1jY97vI4l1LjJvRWnoku6yjPU=
-75,27,ZBXznCg5m9JtdPtqkUWove97LR8=,7A1jY97vI4l1LjJvRWnoku6yjPU=
-74,27,ZBXznCg5m9JtdPtqkUWove97LR8=,7A1jY97vI4l1LjJvRWnoku6yjPU=
-75,29,ZBXznCg5m9JtdPtqkUWove97LR8=,pnjJPNIlY+ATFZDoivezBPGQiOw=
-74,29,ZBXznCg5m9JtdPtqkUWove97LR8=,pnjJPNIlY+ATFZDoivezBPGQiOw=
-75,30,ZBXznCg5m9JtdPtqkUWove97LR8=,pnjJPNIlY+ATFZDoivezBPGQiOw=
-74,30,ZBXznCg5m9JtdPtqkUWove97LR8=,pnjJPNIlY+ATFZDoivezBPGQiOw=
-75,28,ZBXznCg5m9JtdPtqkUWove97LR8=,pnjJPNIlY+ATFZDoivezBPGQiOw=
-74,28,ZBXznCg5m9JtdPtqkUWove97LR8=,pnjJPNIlY+ATFZDoivezBPGQiOw=
-73,30,ZBXznCg5m9JtdPtqkUWove97LR8=,pnjJPNIlY+ATFZDoivezBPGQiOw=
-73,29,ZBXznCg5m9JtdPtqkUWove97LR8=,pnjJPNIlY+ATFZDoivezBPGQiOw=
-73,28,ZBXznCg5m9JtdPtqkUWove97LR8=,pnjJPNIlY+ATFZDoivezBPGQiOw=
-73,26,ZBXznCg5m9JtdPtqkUWove97LR8=,7A1jY97vI4l1LjJvRWnoku6yjPU=
-73,25,ZBXznCg5m9JtdPtqkUWove97LR8=,7A1jY97vI4l1LjJvRWnoku6yjPU=
-72,29,ZBXznCg5m9JtdPtqkUWove97LR8=,wapKsxk6olKiqwVj8Ns3J3TlPIU=
-70,29,ZBXznCg5m9JtdPtqkUWove97LR8=,wapKsxk6olKiqwVj8Ns3J3TlPIU=
-70,30,ZBXznCg5m9JtdPtqkUWove97LR8=,wapKsxk6olKiqwVj8Ns3J3TlPIU=
-71,30,ZBXznCg5m9JtdPtqkUWove97LR8=,wapKsxk6olKiqwVj8Ns3J3TlPIU=
-73,27,ZBXznCg5m9JtdPtqkUWove97LR8=,7A1jY97vI4l1LjJvRWnoku6yjPU=
-72,30,ZBXznCg5m9JtdPtqkUWove97LR8=,wapKsxk6olKiqwVj8Ns3J3TlPIU=
-70,28,ZBXznCg5m9JtdPtqkUWove97LR8=,wapKsxk6olKiqwVj8Ns3J3TlPIU=
-72,27,ZBXznCg5m9JtdPtqkUWove97LR8=,8RC4WfYeQLMty/L9/Re5JGOuQgU=
-70,26,ZBXznCg5m9JtdPtqkUWove97LR8=,8RC4WfYeQLMty/L9/Re5JGOuQgU=
-71,29,ZBXznCg5m9JtdPtqkUWove97LR8=,wapKsxk6olKiqwVj8Ns3J3TlPIU=
-71,28,ZBXznCg5m9JtdPtqkUWove97LR8=,wapKsxk6olKiqwVj8Ns3J3TlPIU=
-72,28,ZBXznCg5m9JtdPtqkUWove97LR8=,wapKsxk6olKiqwVj8Ns3J3TlPIU=
-71,26,ZBXznCg5m9JtdPtqkUWove97LR8=,8RC4WfYeQLMty/L9/Re5JGOuQgU=
-72,26,ZBXznCg5m9JtdPtqkUWove97LR8=,8RC4WfYeQLMty/L9/Re5JGOuQgU=
-70,25,ZBXznCg5m9JtdPtqkUWove97LR8=,8RC4WfYeQLMty/L9/Re5JGOuQgU=
-71,25,ZBXznCg5m9JtdPtqkUWove97LR8=,8RC4WfYeQLMty/L9/Re5JGOuQgU=
-72,25,ZBXznCg5m9JtdPtqkUWove97LR8=,8RC4WfYeQLMty/L9/Re5JGOuQgU=
-70,27,ZBXznCg5m9JtdPtqkUWove97LR8=,8RC4WfYeQLMty/L9/Re5JGOuQgU=
-71,27,ZBXznCg5m9JtdPtqkUWove97LR8=,8RC4WfYeQLMty/L9/Re5JGOuQgU=
-74,17,ZBXznCg5m9JtdPtqkUWove97LR8=,jTo6jW1ZeMxDxx6XqxbGlWCuAqM=
-75,17,ZBXznCg5m9JtdPtqkUWove97LR8=,jTo6jW1ZeMxDxx6XqxbGlWCuAqM=
-75,18,ZBXznCg5m9JtdPtqkUWove97LR8=,jTo6jW1ZeMxDxx6XqxbGlWCuAqM=
-74,18,ZBXznCg5m9JtdPtqkUWove97LR8=,jTo6jW1ZeMxDxx6XqxbGlWCuAqM=
-74,22,ZBXznCg5m9JtdPtqkUWove97LR8=,W8ngBzIp5gTFThZvTvv6hC62dz8=
-74,24,ZBXznCg5m9JtdPtqkUWove97LR8=,7A1jY97vI4l1LjJvRWnoku6yjPU=
-75,23,ZBXznCg5m9JtdPtqkUWove97LR8=,W8ngBzIp5gTFThZvTvv6hC62dz8=
-75,19,ZBXznCg5m9JtdPtqkUWove97LR8=,jTo6jW1ZeMxDxx6XqxbGlWCuAqM=
-75,22,ZBXznCg5m9JtdPtqkUWove97LR8=,W8ngBzIp5gTFThZvTvv6hC62dz8=
-75,24,ZBXznCg5m9JtdPtqkUWove97LR8=,7A1jY97vI4l1LjJvRWnoku6yjPU=
-74,19,ZBXznCg5m9JtdPtqkUWove97LR8=,jTo6jW1ZeMxDxx6XqxbGlWCuAqM=
-74,21,ZBXznCg5m9JtdPtqkUWove97LR8=,W8ngBzIp5gTFThZvTvv6hC62dz8=
-75,21,ZBXznCg5m9JtdPtqkUWove97LR8=,W8ngBzIp5gTFThZvTvv6hC62dz8=
-74,20,ZBXznCg5m9JtdPtqkUWove97LR8=,W8ngBzIp5gTFThZvTvv6hC62dz8=
-74,23,ZBXznCg5m9JtdPtqkUWove97LR8=,W8ngBzIp5gTFThZvTvv6hC62dz8=
-75,20,ZBXznCg5m9JtdPtqkUWove97LR8=,W8ngBzIp5gTFThZvTvv6hC62dz8=
-73,21,ZBXznCg5m9JtdPtqkUWove97LR8=,W8ngBzIp5gTFThZvTvv6hC62dz8=
-73,24,ZBXznCg5m9JtdPtqkUWove97LR8=,7A1jY97vI4l1LjJvRWnoku6yjPU=
-73,20,ZBXznCg5m9JtdPtqkUWove97LR8=,W8ngBzIp5gTFThZvTvv6hC62dz8=
-73,19,ZBXznCg5m9JtdPtqkUWove97LR8=,jTo6jW1ZeMxDxx6XqxbGlWCuAqM=
-72,23,ZBXznCg5m9JtdPtqkUWove97LR8=,YZN0Pg0yBts9oR1YnUKzjE4AAbA=
-73,22,ZBXznCg5m9JtdPtqkUWove97LR8=,W8ngBzIp5gTFThZvTvv6hC62dz8=
-72,19,ZBXznCg5m9JtdPtqkUWove97LR8=,F5ardbwO8SkckQn+Ur+zuSM6+f4=
-73,17,ZBXznCg5m9JtdPtqkUWove97LR8=,jTo6jW1ZeMxDxx6XqxbGlWCuAqM=
-70,18,ZBXznCg5m9JtdPtqkUWove97LR8=,F5ardbwO8SkckQn+Ur+zuSM6+f4=
-73,23,ZBXznCg5m9JtdPtqkUWove97LR8=,W8ngBzIp5gTFThZvTvv6hC62dz8=
-71,18,ZBXznCg5m9JtdPtqkUWove97LR8=,F5ardbwO8SkckQn+Ur+zuSM6+f4=
-73,18,ZBXznCg5m9JtdPtqkUWove97LR8=,jTo6jW1ZeMxDxx6XqxbGlWCuAqM=
-72,18,ZBXznCg5m9JtdPtqkUWove97LR8=,F5ardbwO8SkckQn+Ur+zuSM6+f4=
-70,20,ZBXznCg5m9JtdPtqkUWove97LR8=,YZN0Pg0yBts9oR1YnUKzjE4AAbA=
-71,20,ZBXznCg5m9JtdPtqkUWove97LR8=,YZN0Pg0yBts9oR1YnUKzjE4AAbA=
-72,22,ZBXznCg5m9JtdPtqkUWove97LR8=,YZN0Pg0yBts9oR1YnUKzjE4AAbA=
-70,22,ZBXznCg5m9JtdPtqkUWove97LR8=,YZN0Pg0yBts9oR1YnUKzjE4AAbA=
-72,17,ZBXznCg5m9JtdPtqkUWove97LR8=,F5ardbwO8SkckQn+Ur+zuSM6+f4=
-70,21,ZBXznCg5m9JtdPtqkUWove97LR8=,YZN0Pg0yBts9oR1YnUKzjE4AAbA=
-71,17,ZBXznCg5m9JtdPtqkUWove97LR8=,F5ardbwO8SkckQn+Ur+zuSM6+f4=
-71,23,ZBXznCg5m9JtdPtqkUWove97LR8=,YZN0Pg0yBts9oR1YnUKzjE4AAbA=
-70,17,ZBXznCg5m9JtdPtqkUWove97LR8=,F5ardbwO8SkckQn+Ur+zuSM6+f4=
-72,20,ZBXznCg5m9JtdPtqkUWove97LR8=,YZN0Pg0yBts9oR1YnUKzjE4AAbA=
-70,19,ZBXznCg5m9JtdPtqkUWove97LR8=,F5ardbwO8SkckQn+Ur+zuSM6+f4=
-71,21,ZBXznCg5m9JtdPtqkUWove97LR8=,YZN0Pg0yBts9oR1YnUKzjE4AAbA=
-70,24,ZBXznCg5m9JtdPtqkUWove97LR8=,8RC4WfYeQLMty/L9/Re5JGOuQgU=
-71,19,ZBXznCg5m9JtdPtqkUWove97LR8=,F5ardbwO8SkckQn+Ur+zuSM6+f4=
-71,24,ZBXznCg5m9JtdPtqkUWove97LR8=,8RC4WfYeQLMty/L9/Re5JGOuQgU=
-70,23,ZBXznCg5m9JtdPtqkUWove97LR8=,YZN0Pg0yBts9oR1YnUKzjE4AAbA=
-72,24,ZBXznCg5m9JtdPtqkUWove97LR8=,8RC4WfYeQLMty/L9/Re5JGOuQgU=
-71,22,ZBXznCg5m9JtdPtqkUWove97LR8=,YZN0Pg0yBts9oR1YnUKzjE4AAbA=
-72,21,ZBXznCg5m9JtdPtqkUWove97LR8=,YZN0Pg0yBts9oR1YnUKzjE4AAbA=
-69,22,ZBXznCg5m9JtdPtqkUWove97LR8=,YZN0Pg0yBts9oR1YnUKzjE4AAbA=
-68,21,ZBXznCg5m9JtdPtqkUWove97LR8=,pF6T9N/9YiCrMfFTHT2XmYxa+T0=
-67,22,ZBXznCg5m9JtdPtqkUWove97LR8=,pF6T9N/9YiCrMfFTHT2XmYxa+T0=
-66,22,ZBXznCg5m9JtdPtqkUWove97LR8=,pF6T9N/9YiCrMfFTHT2XmYxa+T0=
-67,21,ZBXznCg5m9JtdPtqkUWove97LR8=,pF6T9N/9YiCrMfFTHT2XmYxa+T0=
-66,21,ZBXznCg5m9JtdPtqkUWove97LR8=,pF6T9N/9YiCrMfFTHT2XmYxa+T0=
-69,21,ZBXznCg5m9JtdPtqkUWove97LR8=,YZN0Pg0yBts9oR1YnUKzjE4AAbA=
-68,22,ZBXznCg5m9JtdPtqkUWove97LR8=,pF6T9N/9YiCrMfFTHT2XmYxa+T0=
-65,22,ZBXznCg5m9JtdPtqkUWove97LR8=,pF6T9N/9YiCrMfFTHT2XmYxa+T0=
-65,21,ZBXznCg5m9JtdPtqkUWove97LR8=,pF6T9N/9YiCrMfFTHT2XmYxa+T0=
-70,31,ZBXznCg5m9JtdPtqkUWove97LR8=,wapKsxk6olKiqwVj8Ns3J3TlPIU=
-71,31,ZBXznCg5m9JtdPtqkUWove97LR8=,wapKsxk6olKiqwVj8Ns3J3TlPIU=
-74,31,kSXefs7f8Cry1qYFzDer7DdbQQY=,pnjJPNIlY+ATFZDoivezBPGQiOw=
-73,31,kSXefs7f8Cry1qYFzDer7DdbQQY=,pnjJPNIlY+ATFZDoivezBPGQiOw=
-75,31,kSXefs7f8Cry1qYFzDer7DdbQQY=,pnjJPNIlY+ATFZDoivezBPGQiOw=
-72,31,kSXefs7f8Cry1qYFzDer7DdbQQY=,wapKsxk6olKiqwVj8Ns3J3TlPIU=
-70,16,kSXefs7f8Cry1qYFzDer7DdbQQY=,F5ardbwO8SkckQn+Ur+zuSM6+f4=
-71,16,kSXefs7f8Cry1qYFzDer7DdbQQY=,F5ardbwO8SkckQn+Ur+zuSM6+f4=
-68,29,kSXefs7f8Cry1qYFzDer7DdbQQY=,qLsDkvS6BHlEMaBfQ7QAL1bjsac=
-69,31,kSXefs7f8Cry1qYFzDer7DdbQQY=,wapKsxk6olKiqwVj8Ns3J3TlPIU=
-67,31,kSXefs7f8Cry1qYFzDer7DdbQQY=,qLsDkvS6BHlEMaBfQ7QAL1bjsac=
-66,31,kSXefs7f8Cry1qYFzDer7DdbQQY=,qLsDkvS6BHlEMaBfQ7QAL1bjsac=
-66,30,kSXefs7f8Cry1qYFzDer7DdbQQY=,qLsDkvS6BHlEMaBfQ7QAL1bjsac=
-67,30,kSXefs7f8Cry1qYFzDer7DdbQQY=,qLsDkvS6BHlEMaBfQ7QAL1bjsac=
-69,29,kSXefs7f8Cry1qYFzDer7DdbQQY=,wapKsxk6olKiqwVj8Ns3J3TlPIU=
-69,30,kSXefs7f8Cry1qYFzDer7DdbQQY=,wapKsxk6olKiqwVj8Ns3J3TlPIU=
-65,29,kSXefs7f8Cry1qYFzDer7DdbQQY=,qLsDkvS6BHlEMaBfQ7QAL1bjsac=
-66,29,kSXefs7f8Cry1qYFzDer7DdbQQY=,qLsDkvS6BHlEMaBfQ7QAL1bjsac=
-68,30,kSXefs7f8Cry1qYFzDer7DdbQQY=,qLsDkvS6BHlEMaBfQ7QAL1bjsac=
-68,31,kSXefs7f8Cry1qYFzDer7DdbQQY=,qLsDkvS6BHlEMaBfQ7QAL1bjsac=
-67,29,kSXefs7f8Cry1qYFzDer7DdbQQY=,qLsDkvS6BHlEMaBfQ7QAL1bjsac=
-65,30,kSXefs7f8Cry1qYFzDer7DdbQQY=,qLsDkvS6BHlEMaBfQ7QAL1bjsac=
-69,28,kSXefs7f8Cry1qYFzDer7DdbQQY=,wapKsxk6olKiqwVj8Ns3J3TlPIU=
-66,28,kSXefs7f8Cry1qYFzDer7DdbQQY=,qLsDkvS6BHlEMaBfQ7QAL1bjsac=
-65,28,kSXefs7f8Cry1qYFzDer7DdbQQY=,qLsDkvS6BHlEMaBfQ7QAL1bjsac=
-68,25,kSXefs7f8Cry1qYFzDer7DdbQQY=,rT311CiP3wPucxKy3x7tRAF0DrU=
-65,24,kSXefs7f8Cry1qYFzDer7DdbQQY=,rT311CiP3wPucxKy3x7tRAF0DrU=
-66,24,kSXefs7f8Cry1qYFzDer7DdbQQY=,rT311CiP3wPucxKy3x7tRAF0DrU=
-67,24,kSXefs7f8Cry1qYFzDer7DdbQQY=,rT311CiP3wPucxKy3x7tRAF0DrU=
-67,28,kSXefs7f8Cry1qYFzDer7DdbQQY=,qLsDkvS6BHlEMaBfQ7QAL1bjsac=
-68,24,kSXefs7f8Cry1qYFzDer7DdbQQY=,rT311CiP3wPucxKy3x7tRAF0DrU=
-65,27,kSXefs7f8Cry1qYFzDer7DdbQQY=,rT311CiP3wPucxKy3x7tRAF0DrU=
-69,26,kSXefs7f8Cry1qYFzDer7DdbQQY=,8RC4WfYeQLMty/L9/Re5JGOuQgU=
-68,28,kSXefs7f8Cry1qYFzDer7DdbQQY=,qLsDkvS6BHlEMaBfQ7QAL1bjsac=
-67,27,kSXefs7f8Cry1qYFzDer7DdbQQY=,rT311CiP3wPucxKy3x7tRAF0DrU=
-68,27,kSXefs7f8Cry1qYFzDer7DdbQQY=,rT311CiP3wPucxKy3x7tRAF0DrU=
-66,27,kSXefs7f8Cry1qYFzDer7DdbQQY=,rT311CiP3wPucxKy3x7tRAF0DrU=
-69,25,kSXefs7f8Cry1qYFzDer7DdbQQY=,8RC4WfYeQLMty/L9/Re5JGOuQgU=
-69,24,kSXefs7f8Cry1qYFzDer7DdbQQY=,8RC4WfYeQLMty/L9/Re5JGOuQgU=
-69,27,kSXefs7f8Cry1qYFzDer7DdbQQY=,8RC4WfYeQLMty/L9/Re5JGOuQgU=
-66,26,kSXefs7f8Cry1qYFzDer7DdbQQY=,rT311CiP3wPucxKy3x7tRAF0DrU=
-67,26,kSXefs7f8Cry1qYFzDer7DdbQQY=,rT311CiP3wPucxKy3x7tRAF0DrU=
-65,23,kSXefs7f8Cry1qYFzDer7DdbQQY=,pF6T9N/9YiCrMfFTHT2XmYxa+T0=
-65,26,kSXefs7f8Cry1qYFzDer7DdbQQY=,rT311CiP3wPucxKy3x7tRAF0DrU=
-67,25,kSXefs7f8Cry1qYFzDer7DdbQQY=,rT311CiP3wPucxKy3x7tRAF0DrU=
-68,26,kSXefs7f8Cry1qYFzDer7DdbQQY=,rT311CiP3wPucxKy3x7tRAF0DrU=
-66,23,kSXefs7f8Cry1qYFzDer7DdbQQY=,pF6T9N/9YiCrMfFTHT2XmYxa+T0=
-69,23,kSXefs7f8Cry1qYFzDer7DdbQQY=,YZN0Pg0yBts9oR1YnUKzjE4AAbA=
-74,16,kSXefs7f8Cry1qYFzDer7DdbQQY=,jTo6jW1ZeMxDxx6XqxbGlWCuAqM=
-73,16,kSXefs7f8Cry1qYFzDer7DdbQQY=,jTo6jW1ZeMxDxx6XqxbGlWCuAqM=
-68,23,kSXefs7f8Cry1qYFzDer7DdbQQY=,pF6T9N/9YiCrMfFTHT2XmYxa+T0=
-65,25,kSXefs7f8Cry1qYFzDer7DdbQQY=,rT311CiP3wPucxKy3x7tRAF0DrU=
-66,25,kSXefs7f8Cry1qYFzDer7DdbQQY=,rT311CiP3wPucxKy3x7tRAF0DrU=
-67,23,kSXefs7f8Cry1qYFzDer7DdbQQY=,pF6T9N/9YiCrMfFTHT2XmYxa+T0=
-75,16,kSXefs7f8Cry1qYFzDer7DdbQQY=,jTo6jW1ZeMxDxx6XqxbGlWCuAqM=
-68,19,kSXefs7f8Cry1qYFzDer7DdbQQY=,wnJAeMNit+ozXpSmSGeqVh8I9eM=
-67,18,kSXefs7f8Cry1qYFzDer7DdbQQY=,wnJAeMNit+ozXpSmSGeqVh8I9eM=
-65,18,kSXefs7f8Cry1qYFzDer7DdbQQY=,wnJAeMNit+ozXpSmSGeqVh8I9eM=
-65,17,kSXefs7f8Cry1qYFzDer7DdbQQY=,wnJAeMNit+ozXpSmSGeqVh8I9eM=
-68,18,kSXefs7f8Cry1qYFzDer7DdbQQY=,wnJAeMNit+ozXpSmSGeqVh8I9eM=
-72,16,kSXefs7f8Cry1qYFzDer7DdbQQY=,F5ardbwO8SkckQn+Ur+zuSM6+f4=
-66,18,kSXefs7f8Cry1qYFzDer7DdbQQY=,wnJAeMNit+ozXpSmSGeqVh8I9eM=
-68,20,kSXefs7f8Cry1qYFzDer7DdbQQY=,pF6T9N/9YiCrMfFTHT2XmYxa+T0=
-69,18,kSXefs7f8Cry1qYFzDer7DdbQQY=,F5ardbwO8SkckQn+Ur+zuSM6+f4=
-69,20,kSXefs7f8Cry1qYFzDer7DdbQQY=,YZN0Pg0yBts9oR1YnUKzjE4AAbA=
-68,17,kSXefs7f8Cry1qYFzDer7DdbQQY=,wnJAeMNit+ozXpSmSGeqVh8I9eM=
-66,17,kSXefs7f8Cry1qYFzDer7DdbQQY=,wnJAeMNit+ozXpSmSGeqVh8I9eM=
-67,17,kSXefs7f8Cry1qYFzDer7DdbQQY=,wnJAeMNit+ozXpSmSGeqVh8I9eM=
-67,20,kSXefs7f8Cry1qYFzDer7DdbQQY=,pF6T9N/9YiCrMfFTHT2XmYxa+T0=
-65,20,kSXefs7f8Cry1qYFzDer7DdbQQY=,pF6T9N/9YiCrMfFTHT2XmYxa+T0=
-66,16,kSXefs7f8Cry1qYFzDer7DdbQQY=,wnJAeMNit+ozXpSmSGeqVh8I9eM=
-67,19,kSXefs7f8Cry1qYFzDer7DdbQQY=,wnJAeMNit+ozXpSmSGeqVh8I9eM=
-66,19,kSXefs7f8Cry1qYFzDer7DdbQQY=,wnJAeMNit+ozXpSmSGeqVh8I9eM=
-65,19,kSXefs7f8Cry1qYFzDer7DdbQQY=,wnJAeMNit+ozXpSmSGeqVh8I9eM=
-69,16,kSXefs7f8Cry1qYFzDer7DdbQQY=,F5ardbwO8SkckQn+Ur+zuSM6+f4=
-66,20,kSXefs7f8Cry1qYFzDer7DdbQQY=,pF6T9N/9YiCrMfFTHT2XmYxa+T0=
-69,17,kSXefs7f8Cry1qYFzDer7DdbQQY=,F5ardbwO8SkckQn+Ur+zuSM6+f4=
-67,16,kSXefs7f8Cry1qYFzDer7DdbQQY=,wnJAeMNit+ozXpSmSGeqVh8I9eM=
-68,16,kSXefs7f8Cry1qYFzDer7DdbQQY=,wnJAeMNit+ozXpSmSGeqVh8I9eM=
-69,19,kSXefs7f8Cry1qYFzDer7DdbQQY=,F5ardbwO8SkckQn+Ur+zuSM6+f4=
-76,17,kSXefs7f8Cry1qYFzDer7DdbQQY=,jTo6jW1ZeMxDxx6XqxbGlWCuAqM=
-76,18,kSXefs7f8Cry1qYFzDer7DdbQQY=,jTo6jW1ZeMxDxx6XqxbGlWCuAqM=
-76,23,kSXefs7f8Cry1qYFzDer7DdbQQY=,W8ngBzIp5gTFThZvTvv6hC62dz8=
-76,26,kSXefs7f8Cry1qYFzDer7DdbQQY=,7A1jY97vI4l1LjJvRWnoku6yjPU=
-76,24,kSXefs7f8Cry1qYFzDer7DdbQQY=,7A1jY97vI4l1LjJvRWnoku6yjPU=
-76,25,kSXefs7f8Cry1qYFzDer7DdbQQY=,7A1jY97vI4l1LjJvRWnoku6yjPU=
-76,20,kSXefs7f8Cry1qYFzDer7DdbQQY=,W8ngBzIp5gTFThZvTvv6hC62dz8=
-76,19,kSXefs7f8Cry1qYFzDer7DdbQQY=,jTo6jW1ZeMxDxx6XqxbGlWCuAqM=
-76,16,kSXefs7f8Cry1qYFzDer7DdbQQY=,jTo6jW1ZeMxDxx6XqxbGlWCuAqM=
-76,21,kSXefs7f8Cry1qYFzDer7DdbQQY=,W8ngBzIp5gTFThZvTvv6hC62dz8=
-76,22,kSXefs7f8Cry1qYFzDer7DdbQQY=,W8ngBzIp5gTFThZvTvv6hC62dz8=
-76,29,kSXefs7f8Cry1qYFzDer7DdbQQY=,pnjJPNIlY+ATFZDoivezBPGQiOw=
-76,28,kSXefs7f8Cry1qYFzDer7DdbQQY=,pnjJPNIlY+ATFZDoivezBPGQiOw=
-76,31,kSXefs7f8Cry1qYFzDer7DdbQQY=,pnjJPNIlY+ATFZDoivezBPGQiOw=
-76,27,kSXefs7f8Cry1qYFzDer7DdbQQY=,7A1jY97vI4l1LjJvRWnoku6yjPU=
-76,30,kSXefs7f8Cry1qYFzDer7DdbQQY=,pnjJPNIlY+ATFZDoivezBPGQiOw=
-65,31,kSXefs7f8Cry1qYFzDer7DdbQQY=,qLsDkvS6BHlEMaBfQ7QAL1bjsac=
-65,16,kSXefs7f8Cry1qYFzDer7DdbQQY=,wnJAeMNit+ozXpSmSGeqVh8I9eM=
-67,5,kSXefs7f8Cry1qYFzDer7DdbQQY=,yOyuUoe9subLjBq1qOd21HZRmug=
-68,5,kSXefs7f8Cry1qYFzDer7DdbQQY=,yOyuUoe9subLjBq1qOd21HZRmug=
-66,6,kSXefs7f8Cry1qYFzDer7DdbQQY=,yOyuUoe9subLjBq1qOd21HZRmug=
-69,6,kSXefs7f8Cry1qYFzDer7DdbQQY=,RCJAkmjynbwyBX7q5WJWRuaqL+A=
-68,6,kSXefs7f8Cry1qYFzDer7DdbQQY=,yOyuUoe9subLjBq1qOd21HZRmug=
-66,5,kSXefs7f8Cry1qYFzDer7DdbQQY=,yOyuUoe9subLjBq1qOd21HZRmug=
-71,5,kSXefs7f8Cry1qYFzDer7DdbQQY=,RCJAkmjynbwyBX7q5WJWRuaqL+A=
-70,5,kSXefs7f8Cry1qYFzDer7DdbQQY=,RCJAkmjynbwyBX7q5WJWRuaqL+A=
-70,6,kSXefs7f8Cry1qYFzDer7DdbQQY=,RCJAkmjynbwyBX7q5WJWRuaqL+A=
-67,6,kSXefs7f8Cry1qYFzDer7DdbQQY=,yOyuUoe9subLjBq1qOd21HZRmug=
-69,5,kSXefs7f8Cry1qYFzDer7DdbQQY=,RCJAkmjynbwyBX7q5WJWRuaqL+A=
-71,6,kSXefs7f8Cry1qYFzDer7DdbQQY=,RCJAkmjynbwyBX7q5WJWRuaqL+A=
-71,9,kSXefs7f8Cry1qYFzDer7DdbQQY=,Zve2B37dVMEQeJxpJQQimMKVmRc=
-70,8,kSXefs7f8Cry1qYFzDer7DdbQQY=,Zve2B37dVMEQeJxpJQQimMKVmRc=
-70,10,kSXefs7f8Cry1qYFzDer7DdbQQY=,Zve2B37dVMEQeJxpJQQimMKVmRc=
-71,7,kSXefs7f8Cry1qYFzDer7DdbQQY=,RCJAkmjynbwyBX7q5WJWRuaqL+A=
-69,9,kSXefs7f8Cry1qYFzDer7DdbQQY=,Zve2B37dVMEQeJxpJQQimMKVmRc=
-70,9,kSXefs7f8Cry1qYFzDer7DdbQQY=,Zve2B37dVMEQeJxpJQQimMKVmRc=
-71,10,kSXefs7f8Cry1qYFzDer7DdbQQY=,Zve2B37dVMEQeJxpJQQimMKVmRc=
-66,10,kSXefs7f8Cry1qYFzDer7DdbQQY=,to9XAu+5eUAjsjTajWNLk0fksbM=
-67,10,kSXefs7f8Cry1qYFzDer7DdbQQY=,to9XAu+5eUAjsjTajWNLk0fksbM=
-69,8,kSXefs7f8Cry1qYFzDer7DdbQQY=,Zve2B37dVMEQeJxpJQQimMKVmRc=
-70,7,kSXefs7f8Cry1qYFzDer7DdbQQY=,RCJAkmjynbwyBX7q5WJWRuaqL+A=
-71,8,kSXefs7f8Cry1qYFzDer7DdbQQY=,Zve2B37dVMEQeJxpJQQimMKVmRc=
-66,8,kSXefs7f8Cry1qYFzDer7DdbQQY=,to9XAu+5eUAjsjTajWNLk0fksbM=
-68,10,kSXefs7f8Cry1qYFzDer7DdbQQY=,to9XAu+5eUAjsjTajWNLk0fksbM=
-67,8,kSXefs7f8Cry1qYFzDer7DdbQQY=,to9XAu+5eUAjsjTajWNLk0fksbM=
-67,7,kSXefs7f8Cry1qYFzDer7DdbQQY=,yOyuUoe9subLjBq1qOd21HZRmug=
-66,7,kSXefs7f8Cry1qYFzDer7DdbQQY=,yOyuUoe9subLjBq1qOd21HZRmug=
-68,9,kSXefs7f8Cry1qYFzDer7DdbQQY=,to9XAu+5eUAjsjTajWNLk0fksbM=
-68,8,kSXefs7f8Cry1qYFzDer7DdbQQY=,to9XAu+5eUAjsjTajWNLk0fksbM=
-68,7,kSXefs7f8Cry1qYFzDer7DdbQQY=,yOyuUoe9subLjBq1qOd21HZRmug=
-69,10,kSXefs7f8Cry1qYFzDer7DdbQQY=,Zve2B37dVMEQeJxpJQQimMKVmRc=
-67,9,kSXefs7f8Cry1qYFzDer7DdbQQY=,to9XAu+5eUAjsjTajWNLk0fksbM=
-66,9,kSXefs7f8Cry1qYFzDer7DdbQQY=,to9XAu+5eUAjsjTajWNLk0fksbM=
-69,7,kSXefs7f8Cry1qYFzDer7DdbQQY=,RCJAkmjynbwyBX7q5WJWRuaqL+A=
-75,6,kSXefs7f8Cry1qYFzDer7DdbQQY=,25VXT4pn+Dn65BOILAL+Skkf9Jg=
-75,4,kSXefs7f8Cry1qYFzDer7DdbQQY=,25VXT4pn+Dn65BOILAL+Skkf9Jg=
-74,4,kSXefs7f8Cry1qYFzDer7DdbQQY=,25VXT4pn+Dn65BOILAL+Skkf9Jg=
-74,2,kSXefs7f8Cry1qYFzDer7DdbQQY=,97CsWX43bnSAhmheuzGIErxavNo=
-74,1,kSXefs7f8Cry1qYFzDer7DdbQQY=,97CsWX43bnSAhmheuzGIErxavNo=
-75,2,kSXefs7f8Cry1qYFzDer7DdbQQY=,97CsWX43bnSAhmheuzGIErxavNo=
-74,3,kSXefs7f8Cry1qYFzDer7DdbQQY=,97CsWX43bnSAhmheuzGIErxavNo=
-75,3,kSXefs7f8Cry1qYFzDer7DdbQQY=,97CsWX43bnSAhmheuzGIErxavNo=
-75,1,kSXefs7f8Cry1qYFzDer7DdbQQY=,97CsWX43bnSAhmheuzGIErxavNo=
-73,5,kSXefs7f8Cry1qYFzDer7DdbQQY=,25VXT4pn+Dn65BOILAL+Skkf9Jg=
-73,6,kSXefs7f8Cry1qYFzDer7DdbQQY=,25VXT4pn+Dn65BOILAL+Skkf9Jg=
-74,6,kSXefs7f8Cry1qYFzDer7DdbQQY=,25VXT4pn+Dn65BOILAL+Skkf9Jg=
-75,5,kSXefs7f8Cry1qYFzDer7DdbQQY=,25VXT4pn+Dn65BOILAL+Skkf9Jg=
-74,5,kSXefs7f8Cry1qYFzDer7DdbQQY=,25VXT4pn+Dn65BOILAL+Skkf9Jg=
-72,5,kSXefs7f8Cry1qYFzDer7DdbQQY=,RCJAkmjynbwyBX7q5WJWRuaqL+A=
-72,6,kSXefs7f8Cry1qYFzDer7DdbQQY=,RCJAkmjynbwyBX7q5WJWRuaqL+A=
-73,2,kSXefs7f8Cry1qYFzDer7DdbQQY=,97CsWX43bnSAhmheuzGIErxavNo=
-73,3,kSXefs7f8Cry1qYFzDer7DdbQQY=,97CsWX43bnSAhmheuzGIErxavNo=
-73,1,kSXefs7f8Cry1qYFzDer7DdbQQY=,97CsWX43bnSAhmheuzGIErxavNo=
-71,2,kSXefs7f8Cry1qYFzDer7DdbQQY=,f03qFOQiU8vFIfCefVgizLCVxdU=
-72,3,kSXefs7f8Cry1qYFzDer7DdbQQY=,f03qFOQiU8vFIfCefVgizLCVxdU=
-73,4,kSXefs7f8Cry1qYFzDer7DdbQQY=,25VXT4pn+Dn65BOILAL+Skkf9Jg=
-70,1,kSXefs7f8Cry1qYFzDer7DdbQQY=,f03qFOQiU8vFIfCefVgizLCVxdU=
-72,2,kSXefs7f8Cry1qYFzDer7DdbQQY=,f03qFOQiU8vFIfCefVgizLCVxdU=
-70,3,kSXefs7f8Cry1qYFzDer7DdbQQY=,f03qFOQiU8vFIfCefVgizLCVxdU=
-72,1,kSXefs7f8Cry1qYFzDer7DdbQQY=,f03qFOQiU8vFIfCefVgizLCVxdU=
-71,1,kSXefs7f8Cry1qYFzDer7DdbQQY=,f03qFOQiU8vFIfCefVgizLCVxdU=
-71,3,kSXefs7f8Cry1qYFzDer7DdbQQY=,f03qFOQiU8vFIfCefVgizLCVxdU=
-71,4,kSXefs7f8Cry1qYFzDer7DdbQQY=,RCJAkmjynbwyBX7q5WJWRuaqL+A=
-72,4,kSXefs7f8Cry1qYFzDer7DdbQQY=,RCJAkmjynbwyBX7q5WJWRuaqL+A=
-70,2,kSXefs7f8Cry1qYFzDer7DdbQQY=,f03qFOQiU8vFIfCefVgizLCVxdU=
-66,2,kSXefs7f8Cry1qYFzDer7DdbQQY=,MdHA4nIjAE543rg+R80rR32ZPOg=
-70,4,kSXefs7f8Cry1qYFzDer7DdbQQY=,RCJAkmjynbwyBX7q5WJWRuaqL+A=
-68,4,kSXefs7f8Cry1qYFzDer7DdbQQY=,yOyuUoe9subLjBq1qOd21HZRmug=
-66,3,kSXefs7f8Cry1qYFzDer7DdbQQY=,MdHA4nIjAE543rg+R80rR32ZPOg=
-69,2,kSXefs7f8Cry1qYFzDer7DdbQQY=,f03qFOQiU8vFIfCefVgizLCVxdU=
-67,2,kSXefs7f8Cry1qYFzDer7DdbQQY=,MdHA4nIjAE543rg+R80rR32ZPOg=
-69,1,kSXefs7f8Cry1qYFzDer7DdbQQY=,f03qFOQiU8vFIfCefVgizLCVxdU=
-68,3,kSXefs7f8Cry1qYFzDer7DdbQQY=,MdHA4nIjAE543rg+R80rR32ZPOg=
-69,3,kSXefs7f8Cry1qYFzDer7DdbQQY=,f03qFOQiU8vFIfCefVgizLCVxdU=
-66,4,kSXefs7f8Cry1qYFzDer7DdbQQY=,yOyuUoe9subLjBq1qOd21HZRmug=
-68,2,kSXefs7f8Cry1qYFzDer7DdbQQY=,MdHA4nIjAE543rg+R80rR32ZPOg=
-67,3,kSXefs7f8Cry1qYFzDer7DdbQQY=,MdHA4nIjAE543rg+R80rR32ZPOg=
-67,1,kSXefs7f8Cry1qYFzDer7DdbQQY=,MdHA4nIjAE543rg+R80rR32ZPOg=
-66,1,kSXefs7f8Cry1qYFzDer7DdbQQY=,MdHA4nIjAE543rg+R80rR32ZPOg=
-69,4,kSXefs7f8Cry1qYFzDer7DdbQQY=,RCJAkmjynbwyBX7q5WJWRuaqL+A=
-67,4,kSXefs7f8Cry1qYFzDer7DdbQQY=,yOyuUoe9subLjBq1qOd21HZRmug=
-68,1,kSXefs7f8Cry1qYFzDer7DdbQQY=,MdHA4nIjAE543rg+R80rR32ZPOg=
-75,13,kSXefs7f8Cry1qYFzDer7DdbQQY=,fOIS7ICPEWx8RH43K7rxn0myS9I=
-74,14,kSXefs7f8Cry1qYFzDer7DdbQQY=,fOIS7ICPEWx8RH43K7rxn0myS9I=
-75,14,kSXefs7f8Cry1qYFzDer7DdbQQY=,fOIS7ICPEWx8RH43K7rxn0myS9I=
-74,13,kSXefs7f8Cry1qYFzDer7DdbQQY=,fOIS7ICPEWx8RH43K7rxn0myS9I=
-75,8,kSXefs7f8Cry1qYFzDer7DdbQQY=,eVgRPdB9m8S0LN/GULJYC/wvRBw=
-73,7,kSXefs7f8Cry1qYFzDer7DdbQQY=,25VXT4pn+Dn65BOILAL+Skkf9Jg=
-75,7,kSXefs7f8Cry1qYFzDer7DdbQQY=,25VXT4pn+Dn65BOILAL+Skkf9Jg=
-75,12,kSXefs7f8Cry1qYFzDer7DdbQQY=,fOIS7ICPEWx8RH43K7rxn0myS9I=
-74,11,kSXefs7f8Cry1qYFzDer7DdbQQY=,eVgRPdB9m8S0LN/GULJYC/wvRBw=
-75,11,kSXefs7f8Cry1qYFzDer7DdbQQY=,eVgRPdB9m8S0LN/GULJYC/wvRBw=
-73,8,kSXefs7f8Cry1qYFzDer7DdbQQY=,eVgRPdB9m8S0LN/GULJYC/wvRBw=
-74,7,kSXefs7f8Cry1qYFzDer7DdbQQY=,25VXT4pn+Dn65BOILAL+Skkf9Jg=
-74,10,kSXefs7f8Cry1qYFzDer7DdbQQY=,eVgRPdB9m8S0LN/GULJYC/wvRBw=
-73,10,kSXefs7f8Cry1qYFzDer7DdbQQY=,eVgRPdB9m8S0LN/GULJYC/wvRBw=
-75,10,kSXefs7f8Cry1qYFzDer7DdbQQY=,eVgRPdB9m8S0LN/GULJYC/wvRBw=
-73,9,kSXefs7f8Cry1qYFzDer7DdbQQY=,eVgRPdB9m8S0LN/GULJYC/wvRBw=
-74,8,kSXefs7f8Cry1qYFzDer7DdbQQY=,eVgRPdB9m8S0LN/GULJYC/wvRBw=
-74,9,kSXefs7f8Cry1qYFzDer7DdbQQY=,eVgRPdB9m8S0LN/GULJYC/wvRBw=
-75,9,kSXefs7f8Cry1qYFzDer7DdbQQY=,eVgRPdB9m8S0LN/GULJYC/wvRBw=
-74,12,kSXefs7f8Cry1qYFzDer7DdbQQY=,fOIS7ICPEWx8RH43K7rxn0myS9I=
-72,10,kSXefs7f8Cry1qYFzDer7DdbQQY=,Zve2B37dVMEQeJxpJQQimMKVmRc=
-72,9,kSXefs7f8Cry1qYFzDer7DdbQQY=,Zve2B37dVMEQeJxpJQQimMKVmRc=
-72,8,kSXefs7f8Cry1qYFzDer7DdbQQY=,Zve2B37dVMEQeJxpJQQimMKVmRc=
-72,7,kSXefs7f8Cry1qYFzDer7DdbQQY=,RCJAkmjynbwyBX7q5WJWRuaqL+A=
-65,10,kSXefs7f8Cry1qYFzDer7DdbQQY=,to9XAu+5eUAjsjTajWNLk0fksbM=
-65,9,kSXefs7f8Cry1qYFzDer7DdbQQY=,to9XAu+5eUAjsjTajWNLk0fksbM=
-65,5,kSXefs7f8Cry1qYFzDer7DdbQQY=,yOyuUoe9subLjBq1qOd21HZRmug=
-65,7,kSXefs7f8Cry1qYFzDer7DdbQQY=,yOyuUoe9subLjBq1qOd21HZRmug=
-65,6,kSXefs7f8Cry1qYFzDer7DdbQQY=,yOyuUoe9subLjBq1qOd21HZRmug=
-65,8,kSXefs7f8Cry1qYFzDer7DdbQQY=,to9XAu+5eUAjsjTajWNLk0fksbM=
-65,4,kSXefs7f8Cry1qYFzDer7DdbQQY=,yOyuUoe9subLjBq1qOd21HZRmug=
-65,2,kSXefs7f8Cry1qYFzDer7DdbQQY=,MdHA4nIjAE543rg+R80rR32ZPOg=
-65,1,kSXefs7f8Cry1qYFzDer7DdbQQY=,MdHA4nIjAE543rg+R80rR32ZPOg=
-65,3,kSXefs7f8Cry1qYFzDer7DdbQQY=,MdHA4nIjAE543rg+R80rR32ZPOg=
-74,15,kSXefs7f8Cry1qYFzDer7DdbQQY=,fOIS7ICPEWx8RH43K7rxn0myS9I=
-75,15,kSXefs7f8Cry1qYFzDer7DdbQQY=,fOIS7ICPEWx8RH43K7rxn0myS9I=
-76,14,kSXefs7f8Cry1qYFzDer7DdbQQY=,fOIS7ICPEWx8RH43K7rxn0myS9I=
-76,9,kSXefs7f8Cry1qYFzDer7DdbQQY=,eVgRPdB9m8S0LN/GULJYC/wvRBw=
-76,10,kSXefs7f8Cry1qYFzDer7DdbQQY=,eVgRPdB9m8S0LN/GULJYC/wvRBw=
-76,11,kSXefs7f8Cry1qYFzDer7DdbQQY=,eVgRPdB9m8S0LN/GULJYC/wvRBw=
-76,12,kSXefs7f8Cry1qYFzDer7DdbQQY=,fOIS7ICPEWx8RH43K7rxn0myS9I=
-76,13,kSXefs7f8Cry1qYFzDer7DdbQQY=,fOIS7ICPEWx8RH43K7rxn0myS9I=
-76,6,kSXefs7f8Cry1qYFzDer7DdbQQY=,25VXT4pn+Dn65BOILAL+Skkf9Jg=
-76,8,kSXefs7f8Cry1qYFzDer7DdbQQY=,eVgRPdB9m8S0LN/GULJYC/wvRBw=
-76,7,kSXefs7f8Cry1qYFzDer7DdbQQY=,25VXT4pn+Dn65BOILAL+Skkf9Jg=
-76,5,kSXefs7f8Cry1qYFzDer7DdbQQY=,25VXT4pn+Dn65BOILAL+Skkf9Jg=
-70,0,kSXefs7f8Cry1qYFzDer7DdbQQY=,f03qFOQiU8vFIfCefVgizLCVxdU=
-71,0,kSXefs7f8Cry1qYFzDer7DdbQQY=,f03qFOQiU8vFIfCefVgizLCVxdU=
-66,0,kSXefs7f8Cry1qYFzDer7DdbQQY=,MdHA4nIjAE543rg+R80rR32ZPOg=
-67,0,kSXefs7f8Cry1qYFzDer7DdbQQY=,MdHA4nIjAE543rg+R80rR32ZPOg=
-69,0,kSXefs7f8Cry1qYFzDer7DdbQQY=,f03qFOQiU8vFIfCefVgizLCVxdU=
-68,0,kSXefs7f8Cry1qYFzDer7DdbQQY=,MdHA4nIjAE543rg+R80rR32ZPOg=
-74,0,kSXefs7f8Cry1qYFzDer7DdbQQY=,97CsWX43bnSAhmheuzGIErxavNo=
-73,0,kSXefs7f8Cry1qYFzDer7DdbQQY=,97CsWX43bnSAhmheuzGIErxavNo=
-75,0,kSXefs7f8Cry1qYFzDer7DdbQQY=,97CsWX43bnSAhmheuzGIErxavNo=
-72,0,kSXefs7f8Cry1qYFzDer7DdbQQY=,f03qFOQiU8vFIfCefVgizLCVxdU=
-76,1,kSXefs7f8Cry1qYFzDer7DdbQQY=,97CsWX43bnSAhmheuzGIErxavNo=
-76,2,kSXefs7f8Cry1qYFzDer7DdbQQY=,97CsWX43bnSAhmheuzGIErxavNo=
-76,4,kSXefs7f8Cry1qYFzDer7DdbQQY=,25VXT4pn+Dn65BOILAL+Skkf9Jg=
-76,3,kSXefs7f8Cry1qYFzDer7DdbQQY=,97CsWX43bnSAhmheuzGIErxavNo=
-76,15,kSXefs7f8Cry1qYFzDer7DdbQQY=,fOIS7ICPEWx8RH43K7rxn0myS9I=
-76,0,kSXefs7f8Cry1qYFzDer7DdbQQY=,97CsWX43bnSAhmheuzGIErxavNo=
-65,0,kSXefs7f8Cry1qYFzDer7DdbQQY=,MdHA4nIjAE543rg+R80rR32ZPOg=
-73,13,MEpiovYQcMiLDxHAY8d/tJcWEaM=,fOIS7ICPEWx8RH43K7rxn0myS9I=
-73,14,MEpiovYQcMiLDxHAY8d/tJcWEaM=,fOIS7ICPEWx8RH43K7rxn0myS9I=
-73,11,MEpiovYQcMiLDxHAY8d/tJcWEaM=,eVgRPdB9m8S0LN/GULJYC/wvRBw=
-70,12,MEpiovYQcMiLDxHAY8d/tJcWEaM=,IdMFV0+jAVDSE2nZu2xiBlq/nMQ=
-72,15,MEpiovYQcMiLDxHAY8d/tJcWEaM=,IdMFV0+jAVDSE2nZu2xiBlq/nMQ=
-72,13,MEpiovYQcMiLDxHAY8d/tJcWEaM=,IdMFV0+jAVDSE2nZu2xiBlq/nMQ=
-71,15,MEpiovYQcMiLDxHAY8d/tJcWEaM=,IdMFV0+jAVDSE2nZu2xiBlq/nMQ=
-70,15,MEpiovYQcMiLDxHAY8d/tJcWEaM=,IdMFV0+jAVDSE2nZu2xiBlq/nMQ=
-73,12,MEpiovYQcMiLDxHAY8d/tJcWEaM=,fOIS7ICPEWx8RH43K7rxn0myS9I=
-73,15,MEpiovYQcMiLDxHAY8d/tJcWEaM=,fOIS7ICPEWx8RH43K7rxn0myS9I=
-72,12,MEpiovYQcMiLDxHAY8d/tJcWEaM=,IdMFV0+jAVDSE2nZu2xiBlq/nMQ=
-70,11,MEpiovYQcMiLDxHAY8d/tJcWEaM=,Zve2B37dVMEQeJxpJQQimMKVmRc=
-71,12,MEpiovYQcMiLDxHAY8d/tJcWEaM=,IdMFV0+jAVDSE2nZu2xiBlq/nMQ=
-70,14,MEpiovYQcMiLDxHAY8d/tJcWEaM=,IdMFV0+jAVDSE2nZu2xiBlq/nMQ=
-71,11,MEpiovYQcMiLDxHAY8d/tJcWEaM=,Zve2B37dVMEQeJxpJQQimMKVmRc=
-72,11,MEpiovYQcMiLDxHAY8d/tJcWEaM=,Zve2B37dVMEQeJxpJQQimMKVmRc=
-72,14,MEpiovYQcMiLDxHAY8d/tJcWEaM=,IdMFV0+jAVDSE2nZu2xiBlq/nMQ=
-70,13,MEpiovYQcMiLDxHAY8d/tJcWEaM=,IdMFV0+jAVDSE2nZu2xiBlq/nMQ=
-71,14,MEpiovYQcMiLDxHAY8d/tJcWEaM=,IdMFV0+jAVDSE2nZu2xiBlq/nMQ=
-71,13,MEpiovYQcMiLDxHAY8d/tJcWEaM=,IdMFV0+jAVDSE2nZu2xiBlq/nMQ=
-65,14,MEpiovYQcMiLDxHAY8d/tJcWEaM=,F+daohWgsxoumiwtEGMabX05jAw=
-68,11,MEpiovYQcMiLDxHAY8d/tJcWEaM=,to9XAu+5eUAjsjTajWNLk0fksbM=
-66,14,MEpiovYQcMiLDxHAY8d/tJcWEaM=,F+daohWgsxoumiwtEGMabX05jAw=
-69,12,MEpiovYQcMiLDxHAY8d/tJcWEaM=,IdMFV0+jAVDSE2nZu2xiBlq/nMQ=
-68,14,MEpiovYQcMiLDxHAY8d/tJcWEaM=,F+daohWgsxoumiwtEGMabX05jAw=
-67,11,MEpiovYQcMiLDxHAY8d/tJcWEaM=,to9XAu+5eUAjsjTajWNLk0fksbM=
-65,13,MEpiovYQcMiLDxHAY8d/tJcWEaM=,F+daohWgsxoumiwtEGMabX05jAw=
-67,13,MEpiovYQcMiLDxHAY8d/tJcWEaM=,F+daohWgsxoumiwtEGMabX05jAw=
-69,14,MEpiovYQcMiLDxHAY8d/tJcWEaM=,IdMFV0+jAVDSE2nZu2xiBlq/nMQ=
-67,14,MEpiovYQcMiLDxHAY8d/tJcWEaM=,F+daohWgsxoumiwtEGMabX05jAw=
-69,15,MEpiovYQcMiLDxHAY8d/tJcWEaM=,IdMFV0+jAVDSE2nZu2xiBlq/nMQ=
-66,13,MEpiovYQcMiLDxHAY8d/tJcWEaM=,F+daohWgsxoumiwtEGMabX05jAw=
-69,11,MEpiovYQcMiLDxHAY8d/tJcWEaM=,Zve2B37dVMEQeJxpJQQimMKVmRc=
-68,13,MEpiovYQcMiLDxHAY8d/tJcWEaM=,F+daohWgsxoumiwtEGMabX05jAw=
-65,12,MEpiovYQcMiLDxHAY8d/tJcWEaM=,F+daohWgsxoumiwtEGMabX05jAw=
-65,15,MEpiovYQcMiLDxHAY8d/tJcWEaM=,F+daohWgsxoumiwtEGMabX05jAw=
-66,11,MEpiovYQcMiLDxHAY8d/tJcWEaM=,to9XAu+5eUAjsjTajWNLk0fksbM=
-69,13,MEpiovYQcMiLDxHAY8d/tJcWEaM=,IdMFV0+jAVDSE2nZu2xiBlq/nMQ=
-66,12,MEpiovYQcMiLDxHAY8d/tJcWEaM=,F+daohWgsxoumiwtEGMabX05jAw=
-67,12,MEpiovYQcMiLDxHAY8d/tJcWEaM=,F+daohWgsxoumiwtEGMabX05jAw=
-66,15,MEpiovYQcMiLDxHAY8d/tJcWEaM=,F+daohWgsxoumiwtEGMabX05jAw=
-65,11,MEpiovYQcMiLDxHAY8d/tJcWEaM=,to9XAu+5eUAjsjTajWNLk0fksbM=
-67,15,MEpiovYQcMiLDxHAY8d/tJcWEaM=,F+daohWgsxoumiwtEGMabX05jAw=
-68,12,MEpiovYQcMiLDxHAY8d/tJcWEaM=,F+daohWgsxoumiwtEGMabX05jAw=
-68,15,MEpiovYQcMiLDxHAY8d/tJcWEaM=,F+daohWgsxoumiwtEGMabX05jAw=
