45,5,nXoZPzfSzxNnXaK+txXEN7n27rQ=,0jpHEFOaCuOeYUBD4FcuN17ueRk=
41,5,nXoZPzfSzxNnXaK+txXEN7n27rQ=,Q0YUIVysfbl2cp84CKTZW2al4lY=
46,6,nXoZPzfSzxNnXaK+txXEN7n27rQ=,0jpHEFOaCuOeYUBD4FcuN17ueRk=
46,5,nXoZPzfSzxNnXaK+txXEN7n27rQ=,0jpHEFOaCuOeYUBD4FcuN17ueRk=
44,6,nXoZPzfSzxNnXaK+txXEN7n27rQ=,0jpHEFOaCuOeYUBD4FcuN17ueRk=
42,5,nXoZPzfSzxNnXaK+txXEN7n27rQ=,Q0YUIVysfbl2cp84CKTZW2al4lY=
44,5,nXoZPzfSzxNnXaK+txXEN7n27rQ=,0jpHEFOaCuOeYUBD4FcuN17ueRk=
42,6,nXoZPzfSzxNnXaK+txXEN7n27rQ=,Q0YUIVysfbl2cp84CKTZW2al4lY=
43,6,nXoZPzfSzxNnXaK+txXEN7n27rQ=,Q0YUIVysfbl2cp84CKTZW2al4lY=
43,5,nXoZPzfSzxNnXaK+txXEN7n27rQ=,Q0YUIVysfbl2cp84CKTZW2al4lY=
41,6,nXoZPzfSzxNnXaK+txXEN7n27rQ=,Q0YUIVysfbl2cp84CKTZW2al4lY=
41,2,nXoZPzfSzxNnXaK+txXEN7n27rQ=,+iwk3M1sVcZn00OdtPebAFYDLeI=
45,6,nXoZPzfSzxNnXaK+txXEN7n27rQ=,0jpHEFOaCuOeYUBD4FcuN17ueRk=
42,4,nXoZPzfSzxNnXaK+txXEN7n27rQ=,Q0YUIVysfbl2cp84CKTZW2al4lY=
41,1,nXoZPzfSzxNnXaK+txXEN7n27rQ=,+iwk3M1sVcZn00OdtPebAFYDLeI=
41,4,nXoZPzfSzxNnXaK+txXEN7n27rQ=,Q0YUIVysfbl2cp84CKTZW2al4lY=
41,3,nXoZPzfSzxNnXaK+txXEN7n27rQ=,+iwk3M1sVcZn00OdtPebAFYDLeI=
42,3,nXoZPzfSzxNnXaK+txXEN7n27rQ=,+iwk3M1sVcZn00OdtPebAFYDLeI=
42,1,nXoZPzfSzxNnXaK+txXEN7n27rQ=,+iwk3M1sVcZn00OdtPebAFYDLeI=
42,2,nXoZPzfSzxNnXaK+txXEN7n27rQ=,+iwk3M1sVcZn00OdtPebAFYDLeI=
46,4,nXoZPzfSzxNnXaK+txXEN7n27rQ=,0jpHEFOaCuOeYUBD4FcuN17ueRk=
45,4,nXoZPzfSzxNnXaK+txXEN7n27rQ=,0jpHEFOaCuOeYUBD4FcuN17ueRk=
43,1,nXoZPzfSzxNnXaK+txXEN7n27rQ=,+iwk3M1sVcZn00OdtPebAFYDLeI=
45,2,nXoZPzfSzxNnXaK+txXEN7n27rQ=,5KUEGvnNDuQDg00jOR3y+/DWwCg=
43,4,nXoZPzfSzxNnXaK+txXEN7n27rQ=,Q0YUIVysfbl2cp84CKTZW2al4lY=
46,2,nXoZPzfSzxNnXaK+txXEN7n27rQ=,5KUEGvnNDuQDg00jOR3y+/DWwCg=
44,2,nXoZPzfSzxNnXaK+txXEN7n27rQ=,5KUEGvnNDuQDg00jOR3y+/DWwCg=
44,3,nXoZPzfSzxNnXaK+txXEN7n27rQ=,5KUEGvnNDuQDg00jOR3y+/DWwCg=
46,1,nXoZPzfSzxNnXaK+txXEN7n27rQ=,5KUEGvnNDuQDg00jOR3y+/DWwCg=
45,1,nXoZPzfSzxNnXaK+txXEN7n27rQ=,5KUEGvnNDuQDg00jOR3y+/DWwCg=
44,4,nXoZPzfSzxNnXaK+txXEN7n27rQ=,0jpHEFOaCuOeYUBD4FcuN17ueRk=
46,3,nXoZPzfSzxNnXaK+txXEN7n27rQ=,5KUEGvnNDuQDg00jOR3y+/DWwCg=
44,1,nXoZPzfSzxNnXaK+txXEN7n27rQ=,5KUEGvnNDuQDg00jOR3y+/DWwCg=
43,3,nXoZPzfSzxNnXaK+txXEN7n27rQ=,+iwk3M1sVcZn00OdtPebAFYDLeI=
43,2,nXoZPzfSzxNnXaK+txXEN7n27rQ=,+iwk3M1sVcZn00OdtPebAFYDLeI=
45,3,nXoZPzfSzxNnXaK+txXEN7n27rQ=,5KUEGvnNDuQDg00jOR3y+/DWwCg=
45,7,zih+B75WHR63prznwQAQQr+dX1M=,0jpHEFOaCuOeYUBD4FcuN17ueRk=
45,8,zih+B75WHR63prznwQAQQr+dX1M=,3UX4angsAo8I2gxwASTTpSq47Yo=
46,7,zih+B75WHR63prznwQAQQr+dX1M=,0jpHEFOaCuOeYUBD4FcuN17ueRk=
46,8,zih+B75WHR63prznwQAQQr+dX1M=,3UX4angsAo8I2gxwASTTpSq47Yo=
45,9,zih+B75WHR63prznwQAQQr+dX1M=,3UX4angsAo8I2gxwASTTpSq47Yo=
46,10,zih+B75WHR63prznwQAQQr+dX1M=,3UX4angsAo8I2gxwASTTpSq47Yo=
45,10,zih+B75WHR63prznwQAQQr+dX1M=,3UX4angsAo8I2gxwASTTpSq47Yo=
46,9,zih+B75WHR63prznwQAQQr+dX1M=,3UX4angsAo8I2gxwASTTpSq47Yo=
34,10,zih+B75WHR63prznwQAQQr+dX1M=,lxb/i2sk12+8uel1NxQqcXNVVLs=
44,7,zih+B75WHR63prznwQAQQr+dX1M=,0jpHEFOaCuOeYUBD4FcuN17ueRk=
43,10,zih+B75WHR63prznwQAQQr+dX1M=,2XtDTVwmE6GrJqe4VyBDfJDNe0Y=
42,10,zih+B75WHR63prznwQAQQr+dX1M=,2XtDTVwmE6GrJqe4VyBDfJDNe0Y=
44,8,zih+B75WHR63prznwQAQQr+dX1M=,3UX4angsAo8I2gxwASTTpSq47Yo=
41,10,zih+B75WHR63prznwQAQQr+dX1M=,2XtDTVwmE6GrJqe4VyBDfJDNe0Y=
41,9,zih+B75WHR63prznwQAQQr+dX1M=,2XtDTVwmE6GrJqe4VyBDfJDNe0Y=
33,10,zih+B75WHR63prznwQAQQr+dX1M=,lxb/i2sk12+8uel1NxQqcXNVVLs=
43,9,zih+B75WHR63prznwQAQQr+dX1M=,2XtDTVwmE6GrJqe4VyBDfJDNe0Y=
44,10,zih+B75WHR63prznwQAQQr+dX1M=,3UX4angsAo8I2gxwASTTpSq47Yo=
33,9,zih+B75WHR63prznwQAQQr+dX1M=,lxb/i2sk12+8uel1NxQqcXNVVLs=
42,9,zih+B75WHR63prznwQAQQr+dX1M=,2XtDTVwmE6GrJqe4VyBDfJDNe0Y=
34,9,zih+B75WHR63prznwQAQQr+dX1M=,lxb/i2sk12+8uel1NxQqcXNVVLs=
43,7,zih+B75WHR63prznwQAQQr+dX1M=,Q0YUIVysfbl2cp84CKTZW2al4lY=
42,8,zih+B75WHR63prznwQAQQr+dX1M=,2XtDTVwmE6GrJqe4VyBDfJDNe0Y=
44,9,zih+B75WHR63prznwQAQQr+dX1M=,3UX4angsAo8I2gxwASTTpSq47Yo=
41,8,zih+B75WHR63prznwQAQQr+dX1M=,2XtDTVwmE6GrJqe4VyBDfJDNe0Y=
42,7,zih+B75WHR63prznwQAQQr+dX1M=,Q0YUIVysfbl2cp84CKTZW2al4lY=
43,8,zih+B75WHR63prznwQAQQr+dX1M=,2XtDTVwmE6GrJqe4VyBDfJDNe0Y=
41,7,zih+B75WHR63prznwQAQQr+dX1M=,Q0YUIVysfbl2cp84CKTZW2al4lY=
37,9,zih+B75WHR63prznwQAQQr+dX1M=,mIm3NuSMnyjgsWRfzhELZn/TmNk=
35,10,zih+B75WHR63prznwQAQQr+dX1M=,lxb/i2sk12+8uel1NxQqcXNVVLs=
35,9,zih+B75WHR63prznwQAQQr+dX1M=,lxb/i2sk12+8uel1NxQqcXNVVLs=
37,10,zih+B75WHR63prznwQAQQr+dX1M=,mIm3NuSMnyjgsWRfzhELZn/TmNk=
36,10,zih+B75WHR63prznwQAQQr+dX1M=,mIm3NuSMnyjgsWRfzhELZn/TmNk=
36,9,zih+B75WHR63prznwQAQQr+dX1M=,mIm3NuSMnyjgsWRfzhELZn/TmNk=
40,10,zih+B75WHR63prznwQAQQr+dX1M=,2XtDTVwmE6GrJqe4VyBDfJDNe0Y=
39,9,zih+B75WHR63prznwQAQQr+dX1M=,mIm3NuSMnyjgsWRfzhELZn/TmNk=
38,9,zih+B75WHR63prznwQAQQr+dX1M=,mIm3NuSMnyjgsWRfzhELZn/TmNk=
39,10,zih+B75WHR63prznwQAQQr+dX1M=,mIm3NuSMnyjgsWRfzhELZn/TmNk=
40,9,zih+B75WHR63prznwQAQQr+dX1M=,2XtDTVwmE6GrJqe4VyBDfJDNe0Y=
38,10,zih+B75WHR63prznwQAQQr+dX1M=,mIm3NuSMnyjgsWRfzhELZn/TmNk=
38,13,zih+B75WHR63prznwQAQQr+dX1M=,DXDpztD61Eos0vR6j1Fo4b96BFA=
37,14,zih+B75WHR63prznwQAQQr+dX1M=,DXDpztD61Eos0vR6j1Fo4b96BFA=
38,14,zih+B75WHR63prznwQAQQr+dX1M=,DXDpztD61Eos0vR6j1Fo4b96BFA=
37,13,zih+B75WHR63prznwQAQQr+dX1M=,DXDpztD61Eos0vR6j1Fo4b96BFA=
37,12,zih+B75WHR63prznwQAQQr+dX1M=,DXDpztD61Eos0vR6j1Fo4b96BFA=
37,11,zih+B75WHR63prznwQAQQr+dX1M=,mIm3NuSMnyjgsWRfzhELZn/TmNk=
38,12,zih+B75WHR63prznwQAQQr+dX1M=,DXDpztD61Eos0vR6j1Fo4b96BFA=
38,11,zih+B75WHR63prznwQAQQr+dX1M=,mIm3NuSMnyjgsWRfzhELZn/TmNk=
34,14,zih+B75WHR63prznwQAQQr+dX1M=,Gc9fJxCjjyZPeMhSRvhRGrMl4j4=
33,14,zih+B75WHR63prznwQAQQr+dX1M=,Gc9fJxCjjyZPeMhSRvhRGrMl4j4=
36,13,zih+B75WHR63prznwQAQQr+dX1M=,DXDpztD61Eos0vR6j1Fo4b96BFA=
36,14,zih+B75WHR63prznwQAQQr+dX1M=,DXDpztD61Eos0vR6j1Fo4b96BFA=
33,13,zih+B75WHR63prznwQAQQr+dX1M=,Gc9fJxCjjyZPeMhSRvhRGrMl4j4=
34,12,zih+B75WHR63prznwQAQQr+dX1M=,Gc9fJxCjjyZPeMhSRvhRGrMl4j4=
34,13,zih+B75WHR63prznwQAQQr+dX1M=,Gc9fJxCjjyZPeMhSRvhRGrMl4j4=
35,11,zih+B75WHR63prznwQAQQr+dX1M=,lxb/i2sk12+8uel1NxQqcXNVVLs=
34,11,zih+B75WHR63prznwQAQQr+dX1M=,lxb/i2sk12+8uel1NxQqcXNVVLs=
35,12,zih+B75WHR63prznwQAQQr+dX1M=,Gc9fJxCjjyZPeMhSRvhRGrMl4j4=
33,12,zih+B75WHR63prznwQAQQr+dX1M=,Gc9fJxCjjyZPeMhSRvhRGrMl4j4=
35,13,zih+B75WHR63prznwQAQQr+dX1M=,Gc9fJxCjjyZPeMhSRvhRGrMl4j4=
36,12,zih+B75WHR63prznwQAQQr+dX1M=,DXDpztD61Eos0vR6j1Fo4b96BFA=
35,14,zih+B75WHR63prznwQAQQr+dX1M=,Gc9fJxCjjyZPeMhSRvhRGrMl4j4=
36,11,zih+B75WHR63prznwQAQQr+dX1M=,mIm3NuSMnyjgsWRfzhELZn/TmNk=
33,11,zih+B75WHR63prznwQAQQr+dX1M=,lxb/i2sk12+8uel1NxQqcXNVVLs=
38,15,zih+B75WHR63prznwQAQQr+dX1M=,DXDpztD61Eos0vR6j1Fo4b96BFA=
37,15,zih+B75WHR63prznwQAQQr+dX1M=,DXDpztD61Eos0vR6j1Fo4b96BFA=
39,13,zih+B75WHR63prznwQAQQr+dX1M=,DXDpztD61Eos0vR6j1Fo4b96BFA=
41,12,zih+B75WHR63prznwQAQQr+dX1M=,pIH2eWA4GElAuLNoWMufE7H4Ax8=
39,11,zih+B75WHR63prznwQAQQr+dX1M=,mIm3NuSMnyjgsWRfzhELZn/TmNk=
42,14,zih+B75WHR63prznwQAQQr+dX1M=,pIH2eWA4GElAuLNoWMufE7H4Ax8=
39,12,zih+B75WHR63prznwQAQQr+dX1M=,DXDpztD61Eos0vR6j1Fo4b96BFA=
40,13,zih+B75WHR63prznwQAQQr+dX1M=,pIH2eWA4GElAuLNoWMufE7H4Ax8=
42,12,zih+B75WHR63prznwQAQQr+dX1M=,pIH2eWA4GElAuLNoWMufE7H4Ax8=
40,12,zih+B75WHR63prznwQAQQr+dX1M=,pIH2eWA4GElAuLNoWMufE7H4Ax8=
40,14,zih+B75WHR63prznwQAQQr+dX1M=,pIH2eWA4GElAuLNoWMufE7H4Ax8=
42,13,zih+B75WHR63prznwQAQQr+dX1M=,pIH2eWA4GElAuLNoWMufE7H4Ax8=
41,14,zih+B75WHR63prznwQAQQr+dX1M=,pIH2eWA4GElAuLNoWMufE7H4Ax8=
39,14,zih+B75WHR63prznwQAQQr+dX1M=,DXDpztD61Eos0vR6j1Fo4b96BFA=
41,13,zih+B75WHR63prznwQAQQr+dX1M=,pIH2eWA4GElAuLNoWMufE7H4Ax8=
40,11,zih+B75WHR63prznwQAQQr+dX1M=,2XtDTVwmE6GrJqe4VyBDfJDNe0Y=
42,11,zih+B75WHR63prznwQAQQr+dX1M=,2XtDTVwmE6GrJqe4VyBDfJDNe0Y=
41,11,zih+B75WHR63prznwQAQQr+dX1M=,2XtDTVwmE6GrJqe4VyBDfJDNe0Y=
44,11,zih+B75WHR63prznwQAQQr+dX1M=,3UX4angsAo8I2gxwASTTpSq47Yo=
43,12,zih+B75WHR63prznwQAQQr+dX1M=,pIH2eWA4GElAuLNoWMufE7H4Ax8=
44,12,zih+B75WHR63prznwQAQQr+dX1M=,1hi7fbrhwI05CSY+hHmlcRXylAg=
43,14,zih+B75WHR63prznwQAQQr+dX1M=,pIH2eWA4GElAuLNoWMufE7H4Ax8=
43,11,zih+B75WHR63prznwQAQQr+dX1M=,2XtDTVwmE6GrJqe4VyBDfJDNe0Y=
43,13,zih+B75WHR63prznwQAQQr+dX1M=,pIH2eWA4GElAuLNoWMufE7H4Ax8=
46,12,zih+B75WHR63prznwQAQQr+dX1M=,1hi7fbrhwI05CSY+hHmlcRXylAg=
46,14,zih+B75WHR63prznwQAQQr+dX1M=,1hi7fbrhwI05CSY+hHmlcRXylAg=
44,13,zih+B75WHR63prznwQAQQr+dX1M=,1hi7fbrhwI05CSY+hHmlcRXylAg=
44,14,zih+B75WHR63prznwQAQQr+dX1M=,1hi7fbrhwI05CSY+hHmlcRXylAg=
45,14,zih+B75WHR63prznwQAQQr+dX1M=,1hi7fbrhwI05CSY+hHmlcRXylAg=
45,12,zih+B75WHR63prznwQAQQr+dX1M=,1hi7fbrhwI05CSY+hHmlcRXylAg=
45,13,zih+B75WHR63prznwQAQQr+dX1M=,1hi7fbrhwI05CSY+hHmlcRXylAg=
46,11,zih+B75WHR63prznwQAQQr+dX1M=,3UX4angsAo8I2gxwASTTpSq47Yo=
45,11,zih+B75WHR63prznwQAQQr+dX1M=,3UX4angsAo8I2gxwASTTpSq47Yo=
46,13,zih+B75WHR63prznwQAQQr+dX1M=,1hi7fbrhwI05CSY+hHmlcRXylAg=
42,15,zih+B75WHR63prznwQAQQr+dX1M=,pIH2eWA4GElAuLNoWMufE7H4Ax8=
40,15,zih+B75WHR63prznwQAQQr+dX1M=,pIH2eWA4GElAuLNoWMufE7H4Ax8=
41,15,zih+B75WHR63prznwQAQQr+dX1M=,pIH2eWA4GElAuLNoWMufE7H4Ax8=
39,15,zih+B75WHR63prznwQAQQr+dX1M=,DXDpztD61Eos0vR6j1Fo4b96BFA=
45,15,zih+B75WHR63prznwQAQQr+dX1M=,1hi7fbrhwI05CSY+hHmlcRXylAg=
46,15,zih+B75WHR63prznwQAQQr+dX1M=,1hi7fbrhwI05CSY+hHmlcRXylAg=
44,15,zih+B75WHR63prznwQAQQr+dX1M=,1hi7fbrhwI05CSY+hHmlcRXylAg=
43,15,zih+B75WHR63prznwQAQQr+dX1M=,pIH2eWA4GElAuLNoWMufE7H4Ax8=
47,14,zih+B75WHR63prznwQAQQr+dX1M=,1hi7fbrhwI05CSY+hHmlcRXylAg=
47,13,zih+B75WHR63prznwQAQQr+dX1M=,1hi7fbrhwI05CSY+hHmlcRXylAg=
47,5,zih+B75WHR63prznwQAQQr+dX1M=,0jpHEFOaCuOeYUBD4FcuN17ueRk=
47,6,zih+B75WHR63prznwQAQQr+dX1M=,0jpHEFOaCuOeYUBD4FcuN17ueRk=
47,7,zih+B75WHR63prznwQAQQr+dX1M=,0jpHEFOaCuOeYUBD4FcuN17ueRk=
47,12,zih+B75WHR63prznwQAQQr+dX1M=,1hi7fbrhwI05CSY+hHmlcRXylAg=
47,10,zih+B75WHR63prznwQAQQr+dX1M=,3UX4angsAo8I2gxwASTTpSq47Yo=
47,11,zih+B75WHR63prznwQAQQr+dX1M=,3UX4angsAo8I2gxwASTTpSq47Yo=
47,8,zih+B75WHR63prznwQAQQr+dX1M=,3UX4angsAo8I2gxwASTTpSq47Yo=
47,9,zih+B75WHR63prznwQAQQr+dX1M=,3UX4angsAo8I2gxwASTTpSq47Yo=
47,4,zih+B75WHR63prznwQAQQr+dX1M=,0jpHEFOaCuOeYUBD4FcuN17ueRk=
47,3,zih+B75WHR63prznwQAQQr+dX1M=,5KUEGvnNDuQDg00jOR3y+/DWwCg=
47,2,zih+B75WHR63prznwQAQQr+dX1M=,5KUEGvnNDuQDg00jOR3y+/DWwCg=
47,1,zih+B75WHR63prznwQAQQr+dX1M=,5KUEGvnNDuQDg00jOR3y+/DWwCg=
46,0,zih+B75WHR63prznwQAQQr+dX1M=,5KUEGvnNDuQDg00jOR3y+/DWwCg=
45,0,zih+B75WHR63prznwQAQQr+dX1M=,5KUEGvnNDuQDg00jOR3y+/DWwCg=
43,0,zih+B75WHR63prznwQAQQr+dX1M=,+iwk3M1sVcZn00OdtPebAFYDLeI=
42,0,zih+B75WHR63prznwQAQQr+dX1M=,+iwk3M1sVcZn00OdtPebAFYDLeI=
41,0,zih+B75WHR63prznwQAQQr+dX1M=,+iwk3M1sVcZn00OdtPebAFYDLeI=
44,0,zih+B75WHR63prznwQAQQr+dX1M=,5KUEGvnNDuQDg00jOR3y+/DWwCg=
34,8,k3dj8sertGFu9gTljpdc3cxJEPs=,lxb/i2sk12+8uel1NxQqcXNVVLs=
33,6,k3dj8sertGFu9gTljpdc3cxJEPs=,2XQ/Lu9rIoSQXkx2TPcDDMpdZsU=
33,8,k3dj8sertGFu9gTljpdc3cxJEPs=,lxb/i2sk12+8uel1NxQqcXNVVLs=
34,6,k3dj8sertGFu9gTljpdc3cxJEPs=,2XQ/Lu9rIoSQXkx2TPcDDMpdZsU=
34,7,k3dj8sertGFu9gTljpdc3cxJEPs=,2XQ/Lu9rIoSQXkx2TPcDDMpdZsU=
34,5,k3dj8sertGFu9gTljpdc3cxJEPs=,2XQ/Lu9rIoSQXkx2TPcDDMpdZsU=
33,5,k3dj8sertGFu9gTljpdc3cxJEPs=,2XQ/Lu9rIoSQXkx2TPcDDMpdZsU=
33,7,k3dj8sertGFu9gTljpdc3cxJEPs=,2XQ/Lu9rIoSQXkx2TPcDDMpdZsU=
38,7,k3dj8sertGFu9gTljpdc3cxJEPs=,KMj5bI5Hg7sCgrm/TmGIffvhGKk=
39,8,k3dj8sertGFu9gTljpdc3cxJEPs=,mIm3NuSMnyjgsWRfzhELZn/TmNk=
36,7,k3dj8sertGFu9gTljpdc3cxJEPs=,KMj5bI5Hg7sCgrm/TmGIffvhGKk=
39,7,k3dj8sertGFu9gTljpdc3cxJEPs=,KMj5bI5Hg7sCgrm/TmGIffvhGKk=
37,7,k3dj8sertGFu9gTljpdc3cxJEPs=,KMj5bI5Hg7sCgrm/TmGIffvhGKk=
39,6,k3dj8sertGFu9gTljpdc3cxJEPs=,KMj5bI5Hg7sCgrm/TmGIffvhGKk=
35,8,k3dj8sertGFu9gTljpdc3cxJEPs=,lxb/i2sk12+8uel1NxQqcXNVVLs=
38,6,k3dj8sertGFu9gTljpdc3cxJEPs=,KMj5bI5Hg7sCgrm/TmGIffvhGKk=
38,8,k3dj8sertGFu9gTljpdc3cxJEPs=,mIm3NuSMnyjgsWRfzhELZn/TmNk=
40,6,k3dj8sertGFu9gTljpdc3cxJEPs=,Q0YUIVysfbl2cp84CKTZW2al4lY=
35,6,k3dj8sertGFu9gTljpdc3cxJEPs=,2XQ/Lu9rIoSQXkx2TPcDDMpdZsU=
36,5,k3dj8sertGFu9gTljpdc3cxJEPs=,KMj5bI5Hg7sCgrm/TmGIffvhGKk=
38,4,k3dj8sertGFu9gTljpdc3cxJEPs=,KMj5bI5Hg7sCgrm/TmGIffvhGKk=
35,5,k3dj8sertGFu9gTljpdc3cxJEPs=,2XQ/Lu9rIoSQXkx2TPcDDMpdZsU=
37,2,k3dj8sertGFu9gTljpdc3cxJEPs=,lKhXTmlZeke2U4EuYQKTSMRssUw=
37,4,k3dj8sertGFu9gTljpdc3cxJEPs=,KMj5bI5Hg7sCgrm/TmGIffvhGKk=
39,1,k3dj8sertGFu9gTljpdc3cxJEPs=,lKhXTmlZeke2U4EuYQKTSMRssUw=
37,6,k3dj8sertGFu9gTljpdc3cxJEPs=,KMj5bI5Hg7sCgrm/TmGIffvhGKk=
38,1,k3dj8sertGFu9gTljpdc3cxJEPs=,lKhXTmlZeke2U4EuYQKTSMRssUw=
37,1,k3dj8sertGFu9gTljpdc3cxJEPs=,lKhXTmlZeke2U4EuYQKTSMRssUw=
40,5,k3dj8sertGFu9gTljpdc3cxJEPs=,Q0YUIVysfbl2cp84CKTZW2al4lY=
38,3,k3dj8sertGFu9gTljpdc3cxJEPs=,lKhXTmlZeke2U4EuYQKTSMRssUw=
40,2,k3dj8sertGFu9gTljpdc3cxJEPs=,+iwk3M1sVcZn00OdtPebAFYDLeI=
39,2,k3dj8sertGFu9gTljpdc3cxJEPs=,lKhXTmlZeke2U4EuYQKTSMRssUw=
39,3,k3dj8sertGFu9gTljpdc3cxJEPs=,lKhXTmlZeke2U4EuYQKTSMRssUw=
37,3,k3dj8sertGFu9gTljpdc3cxJEPs=,lKhXTmlZeke2U4EuYQKTSMRssUw=
40,7,k3dj8sertGFu9gTljpdc3cxJEPs=,Q0YUIVysfbl2cp84CKTZW2al4lY=
36,6,k3dj8sertGFu9gTljpdc3cxJEPs=,KMj5bI5Hg7sCgrm/TmGIffvhGKk=
40,1,k3dj8sertGFu9gTljpdc3cxJEPs=,+iwk3M1sVcZn00OdtPebAFYDLeI=
39,5,k3dj8sertGFu9gTljpdc3cxJEPs=,KMj5bI5Hg7sCgrm/TmGIffvhGKk=
40,4,k3dj8sertGFu9gTljpdc3cxJEPs=,Q0YUIVysfbl2cp84CKTZW2al4lY=
36,8,k3dj8sertGFu9gTljpdc3cxJEPs=,mIm3NuSMnyjgsWRfzhELZn/TmNk=
38,2,k3dj8sertGFu9gTljpdc3cxJEPs=,lKhXTmlZeke2U4EuYQKTSMRssUw=
37,8,k3dj8sertGFu9gTljpdc3cxJEPs=,mIm3NuSMnyjgsWRfzhELZn/TmNk=
38,5,k3dj8sertGFu9gTljpdc3cxJEPs=,KMj5bI5Hg7sCgrm/TmGIffvhGKk=
40,8,k3dj8sertGFu9gTljpdc3cxJEPs=,2XtDTVwmE6GrJqe4VyBDfJDNe0Y=
39,4,k3dj8sertGFu9gTljpdc3cxJEPs=,KMj5bI5Hg7sCgrm/TmGIffvhGKk=
35,7,k3dj8sertGFu9gTljpdc3cxJEPs=,2XQ/Lu9rIoSQXkx2TPcDDMpdZsU=
37,5,k3dj8sertGFu9gTljpdc3cxJEPs=,KMj5bI5Hg7sCgrm/TmGIffvhGKk=
40,3,k3dj8sertGFu9gTljpdc3cxJEPs=,+iwk3M1sVcZn00OdtPebAFYDLeI=
33,4,k3dj8sertGFu9gTljpdc3cxJEPs=,2XQ/Lu9rIoSQXkx2TPcDDMpdZsU=
33,1,k3dj8sertGFu9gTljpdc3cxJEPs=,m9Dtg3fr92xXtLFmDY1C5Ln4+0Y=
34,4,k3dj8sertGFu9gTljpdc3cxJEPs=,2XQ/Lu9rIoSQXkx2TPcDDMpdZsU=
34,2,k3dj8sertGFu9gTljpdc3cxJEPs=,m9Dtg3fr92xXtLFmDY1C5Ln4+0Y=
33,3,k3dj8sertGFu9gTljpdc3cxJEPs=,m9Dtg3fr92xXtLFmDY1C5Ln4+0Y=
35,3,k3dj8sertGFu9gTljpdc3cxJEPs=,m9Dtg3fr92xXtLFmDY1C5Ln4+0Y=
33,2,k3dj8sertGFu9gTljpdc3cxJEPs=,m9Dtg3fr92xXtLFmDY1C5Ln4+0Y=
36,4,k3dj8sertGFu9gTljpdc3cxJEPs=,KMj5bI5Hg7sCgrm/TmGIffvhGKk=
36,1,k3dj8sertGFu9gTljpdc3cxJEPs=,lKhXTmlZeke2U4EuYQKTSMRssUw=
36,2,k3dj8sertGFu9gTljpdc3cxJEPs=,lKhXTmlZeke2U4EuYQKTSMRssUw=
35,4,k3dj8sertGFu9gTljpdc3cxJEPs=,2XQ/Lu9rIoSQXkx2TPcDDMpdZsU=
34,3,k3dj8sertGFu9gTljpdc3cxJEPs=,m9Dtg3fr92xXtLFmDY1C5Ln4+0Y=
35,2,k3dj8sertGFu9gTljpdc3cxJEPs=,m9Dtg3fr92xXtLFmDY1C5Ln4+0Y=
36,3,k3dj8sertGFu9gTljpdc3cxJEPs=,lKhXTmlZeke2U4EuYQKTSMRssUw=
35,1,k3dj8sertGFu9gTljpdc3cxJEPs=,m9Dtg3fr92xXtLFmDY1C5Ln4+0Y=
34,1,k3dj8sertGFu9gTljpdc3cxJEPs=,m9Dtg3fr92xXtLFmDY1C5Ln4+0Y=
32,5,k3dj8sertGFu9gTljpdc3cxJEPs=,2XQ/Lu9rIoSQXkx2TPcDDMpdZsU=
32,6,k3dj8sertGFu9gTljpdc3cxJEPs=,2XQ/Lu9rIoSQXkx2TPcDDMpdZsU=
32,10,k3dj8sertGFu9gTljpdc3cxJEPs=,lxb/i2sk12+8uel1NxQqcXNVVLs=
32,7,k3dj8sertGFu9gTljpdc3cxJEPs=,2XQ/Lu9rIoSQXkx2TPcDDMpdZsU=
32,8,k3dj8sertGFu9gTljpdc3cxJEPs=,lxb/i2sk12+8uel1NxQqcXNVVLs=
32,14,k3dj8sertGFu9gTljpdc3cxJEPs=,Gc9fJxCjjyZPeMhSRvhRGrMl4j4=
32,11,k3dj8sertGFu9gTljpdc3cxJEPs=,lxb/i2sk12+8uel1NxQqcXNVVLs=
32,12,k3dj8sertGFu9gTljpdc3cxJEPs=,Gc9fJxCjjyZPeMhSRvhRGrMl4j4=
32,9,k3dj8sertGFu9gTljpdc3cxJEPs=,lxb/i2sk12+8uel1NxQqcXNVVLs=
32,13,k3dj8sertGFu9gTljpdc3cxJEPs=,Gc9fJxCjjyZPeMhSRvhRGrMl4j4=
32,2,k3dj8sertGFu9gTljpdc3cxJEPs=,m9Dtg3fr92xXtLFmDY1C5Ln4+0Y=
32,3,k3dj8sertGFu9gTljpdc3cxJEPs=,m9Dtg3fr92xXtLFmDY1C5Ln4+0Y=
32,1,k3dj8sertGFu9gTljpdc3cxJEPs=,m9Dtg3fr92xXtLFmDY1C5Ln4+0Y=
32,4,k3dj8sertGFu9gTljpdc3cxJEPs=,2XQ/Lu9rIoSQXkx2TPcDDMpdZsU=
32,15,k3dj8sertGFu9gTljpdc3cxJEPs=,Gc9fJxCjjyZPeMhSRvhRGrMl4j4=
33,15,k3dj8sertGFu9gTljpdc3cxJEPs=,Gc9fJxCjjyZPeMhSRvhRGrMl4j4=
36,15,k3dj8sertGFu9gTljpdc3cxJEPs=,DXDpztD61Eos0vR6j1Fo4b96BFA=
34,15,k3dj8sertGFu9gTljpdc3cxJEPs=,Gc9fJxCjjyZPeMhSRvhRGrMl4j4=
35,15,k3dj8sertGFu9gTljpdc3cxJEPs=,Gc9fJxCjjyZPeMhSRvhRGrMl4j4=
47,15,k3dj8sertGFu9gTljpdc3cxJEPs=,1hi7fbrhwI05CSY+hHmlcRXylAg=
32,0,k3dj8sertGFu9gTljpdc3cxJEPs=,m9Dtg3fr92xXtLFmDY1C5Ln4+0Y=
33,0,k3dj8sertGFu9gTljpdc3cxJEPs=,m9Dtg3fr92xXtLFmDY1C5Ln4+0Y=
36,0,k3dj8sertGFu9gTljpdc3cxJEPs=,lKhXTmlZeke2U4EuYQKTSMRssUw=
34,0,k3dj8sertGFu9gTljpdc3cxJEPs=,m9Dtg3fr92xXtLFmDY1C5Ln4+0Y=
37,0,k3dj8sertGFu9gTljpdc3cxJEPs=,lKhXTmlZeke2U4EuYQKTSMRssUw=
35,0,k3dj8sertGFu9gTljpdc3cxJEPs=,m9Dtg3fr92xXtLFmDY1C5Ln4+0Y=
38,0,k3dj8sertGFu9gTljpdc3cxJEPs=,lKhXTmlZeke2U4EuYQKTSMRssUw=
47,0,k3dj8sertGFu9gTljpdc3cxJEPs=,5KUEGvnNDuQDg00jOR3y+/DWwCg=
39,0,k3dj8sertGFu9gTljpdc3cxJEPs=,lKhXTmlZeke2U4EuYQKTSMRssUw=
40,0,k3dj8sertGFu9gTljpdc3cxJEPs=,+iwk3M1sVcZn00OdtPebAFYDLeI=
37,30,k3dj8sertGFu9gTljpdc3cxJEPs=,AdwYyKGbo47oCVq/VOtSrgZHKec=
37,29,k3dj8sertGFu9gTljpdc3cxJEPs=,AdwYyKGbo47oCVq/VOtSrgZHKec=
38,29,k3dj8sertGFu9gTljpdc3cxJEPs=,AdwYyKGbo47oCVq/VOtSrgZHKec=
37,25,k3dj8sertGFu9gTljpdc3cxJEPs=,tYM5N1ZlSXX94YBUeEOVBznazsU=
38,30,k3dj8sertGFu9gTljpdc3cxJEPs=,AdwYyKGbo47oCVq/VOtSrgZHKec=
37,27,k3dj8sertGFu9gTljpdc3cxJEPs=,tYM5N1ZlSXX94YBUeEOVBznazsU=
37,28,k3dj8sertGFu9gTljpdc3cxJEPs=,AdwYyKGbo47oCVq/VOtSrgZHKec=
38,27,k3dj8sertGFu9gTljpdc3cxJEPs=,tYM5N1ZlSXX94YBUeEOVBznazsU=
38,28,k3dj8sertGFu9gTljpdc3cxJEPs=,AdwYyKGbo47oCVq/VOtSrgZHKec=
34,21,k3dj8sertGFu9gTljpdc3cxJEPs=,4UtmDOqwN75qA2c3dprm6QB1vSY=
33,22,k3dj8sertGFu9gTljpdc3cxJEPs=,4UtmDOqwN75qA2c3dprm6QB1vSY=
34,22,k3dj8sertGFu9gTljpdc3cxJEPs=,4UtmDOqwN75qA2c3dprm6QB1vSY=
38,25,k3dj8sertGFu9gTljpdc3cxJEPs=,tYM5N1ZlSXX94YBUeEOVBznazsU=
38,26,k3dj8sertGFu9gTljpdc3cxJEPs=,tYM5N1ZlSXX94YBUeEOVBznazsU=
37,26,k3dj8sertGFu9gTljpdc3cxJEPs=,tYM5N1ZlSXX94YBUeEOVBznazsU=
33,21,k3dj8sertGFu9gTljpdc3cxJEPs=,4UtmDOqwN75qA2c3dprm6QB1vSY=
37,22,k3dj8sertGFu9gTljpdc3cxJEPs=,r0m+eVA3O9/1OR/Vu0zX/VRtHiE=
38,22,k3dj8sertGFu9gTljpdc3cxJEPs=,r0m+eVA3O9/1OR/Vu0zX/VRtHiE=
38,23,k3dj8sertGFu9gTljpdc3cxJEPs=,r0m+eVA3O9/1OR/Vu0zX/VRtHiE=
36,21,k3dj8sertGFu9gTljpdc3cxJEPs=,r0m+eVA3O9/1OR/Vu0zX/VRtHiE=
38,21,k3dj8sertGFu9gTljpdc3cxJEPs=,r0m+eVA3O9/1OR/Vu0zX/VRtHiE=
35,21,k3dj8sertGFu9gTljpdc3cxJEPs=,4UtmDOqwN75qA2c3dprm6QB1vSY=
38,24,k3dj8sertGFu9gTljpdc3cxJEPs=,tYM5N1ZlSXX94YBUeEOVBznazsU=
35,22,k3dj8sertGFu9gTljpdc3cxJEPs=,4UtmDOqwN75qA2c3dprm6QB1vSY=
37,24,k3dj8sertGFu9gTljpdc3cxJEPs=,tYM5N1ZlSXX94YBUeEOVBznazsU=
37,23,k3dj8sertGFu9gTljpdc3cxJEPs=,r0m+eVA3O9/1OR/Vu0zX/VRtHiE=
37,21,k3dj8sertGFu9gTljpdc3cxJEPs=,r0m+eVA3O9/1OR/Vu0zX/VRtHiE=
36,22,k3dj8sertGFu9gTljpdc3cxJEPs=,r0m+eVA3O9/1OR/Vu0zX/VRtHiE=
37,31,k3dj8sertGFu9gTljpdc3cxJEPs=,AdwYyKGbo47oCVq/VOtSrgZHKec=
38,31,k3dj8sertGFu9gTljpdc3cxJEPs=,AdwYyKGbo47oCVq/VOtSrgZHKec=
36,24,k3dj8sertGFu9gTljpdc3cxJEPs=,tYM5N1ZlSXX94YBUeEOVBznazsU=
33,23,k3dj8sertGFu9gTljpdc3cxJEPs=,4UtmDOqwN75qA2c3dprm6QB1vSY=
33,25,k3dj8sertGFu9gTljpdc3cxJEPs=,IzKJHbIe6vH/KQw8YfNLPuxxXdU=
35,26,k3dj8sertGFu9gTljpdc3cxJEPs=,IzKJHbIe6vH/KQw8YfNLPuxxXdU=
35,25,k3dj8sertGFu9gTljpdc3cxJEPs=,IzKJHbIe6vH/KQw8YfNLPuxxXdU=
36,23,k3dj8sertGFu9gTljpdc3cxJEPs=,r0m+eVA3O9/1OR/Vu0zX/VRtHiE=
32,26,k3dj8sertGFu9gTljpdc3cxJEPs=,IzKJHbIe6vH/KQw8YfNLPuxxXdU=
32,25,k3dj8sertGFu9gTljpdc3cxJEPs=,IzKJHbIe6vH/KQw8YfNLPuxxXdU=
34,25,k3dj8sertGFu9gTljpdc3cxJEPs=,IzKJHbIe6vH/KQw8YfNLPuxxXdU=
36,25,k3dj8sertGFu9gTljpdc3cxJEPs=,tYM5N1ZlSXX94YBUeEOVBznazsU=
34,26,k3dj8sertGFu9gTljpdc3cxJEPs=,IzKJHbIe6vH/KQw8YfNLPuxxXdU=
35,24,k3dj8sertGFu9gTljpdc3cxJEPs=,IzKJHbIe6vH/KQw8YfNLPuxxXdU=
33,26,k3dj8sertGFu9gTljpdc3cxJEPs=,IzKJHbIe6vH/KQw8YfNLPuxxXdU=
34,24,k3dj8sertGFu9gTljpdc3cxJEPs=,IzKJHbIe6vH/KQw8YfNLPuxxXdU=
36,26,k3dj8sertGFu9gTljpdc3cxJEPs=,tYM5N1ZlSXX94YBUeEOVBznazsU=
33,24,k3dj8sertGFu9gTljpdc3cxJEPs=,IzKJHbIe6vH/KQw8YfNLPuxxXdU=
34,23,k3dj8sertGFu9gTljpdc3cxJEPs=,4UtmDOqwN75qA2c3dprm6QB1vSY=
35,23,k3dj8sertGFu9gTljpdc3cxJEPs=,4UtmDOqwN75qA2c3dprm6QB1vSY=
35,29,k3dj8sertGFu9gTljpdc3cxJEPs=,Zi8aWxB8U78zRPk/Hft1g9M/vt4=
33,31,k3dj8sertGFu9gTljpdc3cxJEPs=,Zi8aWxB8U78zRPk/Hft1g9M/vt4=
36,28,k3dj8sertGFu9gTljpdc3cxJEPs=,AdwYyKGbo47oCVq/VOtSrgZHKec=
34,31,k3dj8sertGFu9gTljpdc3cxJEPs=,Zi8aWxB8U78zRPk/Hft1g9M/vt4=
34,29,k3dj8sertGFu9gTljpdc3cxJEPs=,Zi8aWxB8U78zRPk/Hft1g9M/vt4=
34,30,k3dj8sertGFu9gTljpdc3cxJEPs=,Zi8aWxB8U78zRPk/Hft1g9M/vt4=
33,29,k3dj8sertGFu9gTljpdc3cxJEPs=,Zi8aWxB8U78zRPk/Hft1g9M/vt4=
33,30,k3dj8sertGFu9gTljpdc3cxJEPs=,Zi8aWxB8U78zRPk/Hft1g9M/vt4=
32,30,k3dj8sertGFu9gTljpdc3cxJEPs=,Zi8aWxB8U78zRPk/Hft1g9M/vt4=
32,27,k3dj8sertGFu9gTljpdc3cxJEPs=,IzKJHbIe6vH/KQw8YfNLPuxxXdU=
36,29,k3dj8sertGFu9gTljpdc3cxJEPs=,AdwYyKGbo47oCVq/VOtSrgZHKec=
35,30,k3dj8sertGFu9gTljpdc3cxJEPs=,Zi8aWxB8U78zRPk/Hft1g9M/vt4=
33,27,k3dj8sertGFu9gTljpdc3cxJEPs=,IzKJHbIe6vH/KQw8YfNLPuxxXdU=
32,29,k3dj8sertGFu9gTljpdc3cxJEPs=,Zi8aWxB8U78zRPk/Hft1g9M/vt4=
36,31,k3dj8sertGFu9gTljpdc3cxJEPs=,AdwYyKGbo47oCVq/VOtSrgZHKec=
35,28,k3dj8sertGFu9gTljpdc3cxJEPs=,Zi8aWxB8U78zRPk/Hft1g9M/vt4=
36,30,k3dj8sertGFu9gTljpdc3cxJEPs=,AdwYyKGbo47oCVq/VOtSrgZHKec=
34,28,k3dj8sertGFu9gTljpdc3cxJEPs=,Zi8aWxB8U78zRPk/Hft1g9M/vt4=
33,28,k3dj8sertGFu9gTljpdc3cxJEPs=,Zi8aWxB8U78zRPk/Hft1g9M/vt4=
32,28,k3dj8sertGFu9gTljpdc3cxJEPs=,Zi8aWxB8U78zRPk/Hft1g9M/vt4=
34,27,k3dj8sertGFu9gTljpdc3cxJEPs=,IzKJHbIe6vH/KQw8YfNLPuxxXdU=
35,31,k3dj8sertGFu9gTljpdc3cxJEPs=,Zi8aWxB8U78zRPk/Hft1g9M/vt4=
36,27,k3dj8sertGFu9gTljpdc3cxJEPs=,tYM5N1ZlSXX94YBUeEOVBznazsU=
35,27,k3dj8sertGFu9gTljpdc3cxJEPs=,IzKJHbIe6vH/KQw8YfNLPuxxXdU=
40,29,k3dj8sertGFu9gTljpdc3cxJEPs=,KVnN9zWKO3Laum9VdvSZvgNQP6Y=
39,29,k3dj8sertGFu9gTljpdc3cxJEPs=,AdwYyKGbo47oCVq/VOtSrgZHKec=
41,30,k3dj8sertGFu9gTljpdc3cxJEPs=,KVnN9zWKO3Laum9VdvSZvgNQP6Y=
39,30,k3dj8sertGFu9gTljpdc3cxJEPs=,AdwYyKGbo47oCVq/VOtSrgZHKec=
42,30,k3dj8sertGFu9gTljpdc3cxJEPs=,KVnN9zWKO3Laum9VdvSZvgNQP6Y=
40,30,k3dj8sertGFu9gTljpdc3cxJEPs=,KVnN9zWKO3Laum9VdvSZvgNQP6Y=
42,29,k3dj8sertGFu9gTljpdc3cxJEPs=,KVnN9zWKO3Laum9VdvSZvgNQP6Y=
41,29,k3dj8sertGFu9gTljpdc3cxJEPs=,KVnN9zWKO3Laum9VdvSZvgNQP6Y=
40,25,k3dj8sertGFu9gTljpdc3cxJEPs=,ffLmgNpjGGWUEH317xwO2/jnoMY=
39,25,k3dj8sertGFu9gTljpdc3cxJEPs=,tYM5N1ZlSXX94YBUeEOVBznazsU=
41,25,k3dj8sertGFu9gTljpdc3cxJEPs=,ffLmgNpjGGWUEH317xwO2/jnoMY=
40,27,k3dj8sertGFu9gTljpdc3cxJEPs=,ffLmgNpjGGWUEH317xwO2/jnoMY=
39,28,k3dj8sertGFu9gTljpdc3cxJEPs=,AdwYyKGbo47oCVq/VOtSrgZHKec=
40,26,k3dj8sertGFu9gTljpdc3cxJEPs=,ffLmgNpjGGWUEH317xwO2/jnoMY=
42,28,k3dj8sertGFu9gTljpdc3cxJEPs=,KVnN9zWKO3Laum9VdvSZvgNQP6Y=
39,26,k3dj8sertGFu9gTljpdc3cxJEPs=,tYM5N1ZlSXX94YBUeEOVBznazsU=
42,26,k3dj8sertGFu9gTljpdc3cxJEPs=,ffLmgNpjGGWUEH317xwO2/jnoMY=
42,25,k3dj8sertGFu9gTljpdc3cxJEPs=,ffLmgNpjGGWUEH317xwO2/jnoMY=
41,28,k3dj8sertGFu9gTljpdc3cxJEPs=,KVnN9zWKO3Laum9VdvSZvgNQP6Y=
41,26,k3dj8sertGFu9gTljpdc3cxJEPs=,ffLmgNpjGGWUEH317xwO2/jnoMY=
40,28,k3dj8sertGFu9gTljpdc3cxJEPs=,KVnN9zWKO3Laum9VdvSZvgNQP6Y=
42,27,k3dj8sertGFu9gTljpdc3cxJEPs=,ffLmgNpjGGWUEH317xwO2/jnoMY=
39,27,k3dj8sertGFu9gTljpdc3cxJEPs=,tYM5N1ZlSXX94YBUeEOVBznazsU=
41,27,k3dj8sertGFu9gTljpdc3cxJEPs=,ffLmgNpjGGWUEH317xwO2/jnoMY=
44,25,LMIoFpFv8GAkSkQs7Wk7RVIbJJk=,t0K0YQ+Z++J2Vtrv6k3UfHLiqZ8=
45,25,LMIoFpFv8GAkSkQs7Wk7RVIbJJk=,t0K0YQ+Z++J2Vtrv6k3UfHLiqZ8=
43,25,LMIoFpFv8GAkSkQs7Wk7RVIbJJk=,ffLmgNpjGGWUEH317xwO2/jnoMY=
46,25,LMIoFpFv8GAkSkQs7Wk7RVIbJJk=,t0K0YQ+Z++J2Vtrv6k3UfHLiqZ8=
46,26,LMIoFpFv8GAkSkQs7Wk7RVIbJJk=,t0K0YQ+Z++J2Vtrv6k3UfHLiqZ8=
44,26,LMIoFpFv8GAkSkQs7Wk7RVIbJJk=,t0K0YQ+Z++J2Vtrv6k3UfHLiqZ8=
43,26,LMIoFpFv8GAkSkQs7Wk7RVIbJJk=,ffLmgNpjGGWUEH317xwO2/jnoMY=
45,26,LMIoFpFv8GAkSkQs7Wk7RVIbJJk=,t0K0YQ+Z++J2Vtrv6k3UfHLiqZ8=
44,29,LMIoFpFv8GAkSkQs7Wk7RVIbJJk=,2vHVG6OyPrpQWMSWEAUnbwYhpfs=
45,30,LMIoFpFv8GAkSkQs7Wk7RVIbJJk=,2vHVG6OyPrpQWMSWEAUnbwYhpfs=
46,30,LMIoFpFv8GAkSkQs7Wk7RVIbJJk=,2vHVG6OyPrpQWMSWEAUnbwYhpfs=
43,30,LMIoFpFv8GAkSkQs7Wk7RVIbJJk=,KVnN9zWKO3Laum9VdvSZvgNQP6Y=
43,29,LMIoFpFv8GAkSkQs7Wk7RVIbJJk=,KVnN9zWKO3Laum9VdvSZvgNQP6Y=
46,28,LMIoFpFv8GAkSkQs7Wk7RVIbJJk=,2vHVG6OyPrpQWMSWEAUnbwYhpfs=
44,28,LMIoFpFv8GAkSkQs7Wk7RVIbJJk=,2vHVG6OyPrpQWMSWEAUnbwYhpfs=
45,28,LMIoFpFv8GAkSkQs7Wk7RVIbJJk=,2vHVG6OyPrpQWMSWEAUnbwYhpfs=
43,28,LMIoFpFv8GAkSkQs7Wk7RVIbJJk=,KVnN9zWKO3Laum9VdvSZvgNQP6Y=
45,29,LMIoFpFv8GAkSkQs7Wk7RVIbJJk=,2vHVG6OyPrpQWMSWEAUnbwYhpfs=
46,27,LMIoFpFv8GAkSkQs7Wk7RVIbJJk=,t0K0YQ+Z++J2Vtrv6k3UfHLiqZ8=
45,27,LMIoFpFv8GAkSkQs7Wk7RVIbJJk=,t0K0YQ+Z++J2Vtrv6k3UfHLiqZ8=
44,27,LMIoFpFv8GAkSkQs7Wk7RVIbJJk=,t0K0YQ+Z++J2Vtrv6k3UfHLiqZ8=
44,30,LMIoFpFv8GAkSkQs7Wk7RVIbJJk=,2vHVG6OyPrpQWMSWEAUnbwYhpfs=
43,27,LMIoFpFv8GAkSkQs7Wk7RVIbJJk=,ffLmgNpjGGWUEH317xwO2/jnoMY=
46,29,LMIoFpFv8GAkSkQs7Wk7RVIbJJk=,2vHVG6OyPrpQWMSWEAUnbwYhpfs=
42,22,LMIoFpFv8GAkSkQs7Wk7RVIbJJk=,47WOEZggByLREpLjytIwaF1b1ck=
42,23,LMIoFpFv8GAkSkQs7Wk7RVIbJJk=,47WOEZggByLREpLjytIwaF1b1ck=
39,23,LMIoFpFv8GAkSkQs7Wk7RVIbJJk=,r0m+eVA3O9/1OR/Vu0zX/VRtHiE=
40,22,LMIoFpFv8GAkSkQs7Wk7RVIbJJk=,47WOEZggByLREpLjytIwaF1b1ck=
39,21,LMIoFpFv8GAkSkQs7Wk7RVIbJJk=,r0m+eVA3O9/1OR/Vu0zX/VRtHiE=
41,22,LMIoFpFv8GAkSkQs7Wk7RVIbJJk=,47WOEZggByLREpLjytIwaF1b1ck=
40,23,LMIoFpFv8GAkSkQs7Wk7RVIbJJk=,47WOEZggByLREpLjytIwaF1b1ck=
41,23,LMIoFpFv8GAkSkQs7Wk7RVIbJJk=,47WOEZggByLREpLjytIwaF1b1ck=
42,24,LMIoFpFv8GAkSkQs7Wk7RVIbJJk=,ffLmgNpjGGWUEH317xwO2/jnoMY=
42,21,LMIoFpFv8GAkSkQs7Wk7RVIbJJk=,47WOEZggByLREpLjytIwaF1b1ck=
40,21,LMIoFpFv8GAkSkQs7Wk7RVIbJJk=,47WOEZggByLREpLjytIwaF1b1ck=
40,24,LMIoFpFv8GAkSkQs7Wk7RVIbJJk=,ffLmgNpjGGWUEH317xwO2/jnoMY=
41,24,LMIoFpFv8GAkSkQs7Wk7RVIbJJk=,ffLmgNpjGGWUEH317xwO2/jnoMY=
39,22,LMIoFpFv8GAkSkQs7Wk7RVIbJJk=,r0m+eVA3O9/1OR/Vu0zX/VRtHiE=
41,21,LMIoFpFv8GAkSkQs7Wk7RVIbJJk=,47WOEZggByLREpLjytIwaF1b1ck=
39,24,LMIoFpFv8GAkSkQs7Wk7RVIbJJk=,tYM5N1ZlSXX94YBUeEOVBznazsU=
46,22,LMIoFpFv8GAkSkQs7Wk7RVIbJJk=,AFL1eNpP06z6VNmXuzfgkg+nQ9U=
43,22,LMIoFpFv8GAkSkQs7Wk7RVIbJJk=,47WOEZggByLREpLjytIwaF1b1ck=
43,24,LMIoFpFv8GAkSkQs7Wk7RVIbJJk=,ffLmgNpjGGWUEH317xwO2/jnoMY=
45,24,LMIoFpFv8GAkSkQs7Wk7RVIbJJk=,t0K0YQ+Z++J2Vtrv6k3UfHLiqZ8=
44,22,LMIoFpFv8GAkSkQs7Wk7RVIbJJk=,AFL1eNpP06z6VNmXuzfgkg+nQ9U=
44,24,LMIoFpFv8GAkSkQs7Wk7RVIbJJk=,t0K0YQ+Z++J2Vtrv6k3UfHLiqZ8=
45,22,LMIoFpFv8GAkSkQs7Wk7RVIbJJk=,AFL1eNpP06z6VNmXuzfgkg+nQ9U=
43,23,LMIoFpFv8GAkSkQs7Wk7RVIbJJk=,47WOEZggByLREpLjytIwaF1b1ck=
45,23,LMIoFpFv8GAkSkQs7Wk7RVIbJJk=,AFL1eNpP06z6VNmXuzfgkg+nQ9U=
43,21,LMIoFpFv8GAkSkQs7Wk7RVIbJJk=,47WOEZggByLREpLjytIwaF1b1ck=
46,24,LMIoFpFv8GAkSkQs7Wk7RVIbJJk=,t0K0YQ+Z++J2Vtrv6k3UfHLiqZ8=
46,21,LMIoFpFv8GAkSkQs7Wk7RVIbJJk=,AFL1eNpP06z6VNmXuzfgkg+nQ9U=
46,23,LMIoFpFv8GAkSkQs7Wk7RVIbJJk=,AFL1eNpP06z6VNmXuzfgkg+nQ9U=
44,23,LMIoFpFv8GAkSkQs7Wk7RVIbJJk=,AFL1eNpP06z6VNmXuzfgkg+nQ9U=
44,21,LMIoFpFv8GAkSkQs7Wk7RVIbJJk=,AFL1eNpP06z6VNmXuzfgkg+nQ9U=
45,21,LMIoFpFv8GAkSkQs7Wk7RVIbJJk=,AFL1eNpP06z6VNmXuzfgkg+nQ9U=
41,17,LMIoFpFv8GAkSkQs7Wk7RVIbJJk=,g9x0oy1OPeN6/wZxd6BND4b3VUA=
42,19,LMIoFpFv8GAkSkQs7Wk7RVIbJJk=,g9x0oy1OPeN6/wZxd6BND4b3VUA=
41,18,LMIoFpFv8GAkSkQs7Wk7RVIbJJk=,g9x0oy1OPeN6/wZxd6BND4b3VUA=
42,18,LMIoFpFv8GAkSkQs7Wk7RVIbJJk=,g9x0oy1OPeN6/wZxd6BND4b3VUA=
42,20,LMIoFpFv8GAkSkQs7Wk7RVIbJJk=,47WOEZggByLREpLjytIwaF1b1ck=
41,20,LMIoFpFv8GAkSkQs7Wk7RVIbJJk=,47WOEZggByLREpLjytIwaF1b1ck=
42,17,LMIoFpFv8GAkSkQs7Wk7RVIbJJk=,g9x0oy1OPeN6/wZxd6BND4b3VUA=
41,19,LMIoFpFv8GAkSkQs7Wk7RVIbJJk=,g9x0oy1OPeN6/wZxd6BND4b3VUA=
46,19,LMIoFpFv8GAkSkQs7Wk7RVIbJJk=,03VAZfNuB5EIbZDzvyUHtXy+TRY=
46,18,LMIoFpFv8GAkSkQs7Wk7RVIbJJk=,03VAZfNuB5EIbZDzvyUHtXy+TRY=
44,17,LMIoFpFv8GAkSkQs7Wk7RVIbJJk=,03VAZfNuB5EIbZDzvyUHtXy+TRY=
43,18,LMIoFpFv8GAkSkQs7Wk7RVIbJJk=,g9x0oy1OPeN6/wZxd6BND4b3VUA=
44,19,LMIoFpFv8GAkSkQs7Wk7RVIbJJk=,03VAZfNuB5EIbZDzvyUHtXy+TRY=
43,17,LMIoFpFv8GAkSkQs7Wk7RVIbJJk=,g9x0oy1OPeN6/wZxd6BND4b3VUA=
45,18,LMIoFpFv8GAkSkQs7Wk7RVIbJJk=,03VAZfNuB5EIbZDzvyUHtXy+TRY=
43,20,LMIoFpFv8GAkSkQs7Wk7RVIbJJk=,47WOEZggByLREpLjytIwaF1b1ck=
43,19,LMIoFpFv8GAkSkQs7Wk7RVIbJJk=,g9x0oy1OPeN6/wZxd6BND4b3VUA=
45,19,LMIoFpFv8GAkSkQs7Wk7RVIbJJk=,03VAZfNuB5EIbZDzvyUHtXy+TRY=
44,18,LMIoFpFv8GAkSkQs7Wk7RVIbJJk=,03VAZfNuB5EIbZDzvyUHtXy+TRY=
46,17,LMIoFpFv8GAkSkQs7Wk7RVIbJJk=,03VAZfNuB5EIbZDzvyUHtXy+TRY=
45,17,LMIoFpFv8GAkSkQs7Wk7RVIbJJk=,03VAZfNuB5EIbZDzvyUHtXy+TRY=
46,20,LMIoFpFv8GAkSkQs7Wk7RVIbJJk=,AFL1eNpP06z6VNmXuzfgkg+nQ9U=
45,20,LMIoFpFv8GAkSkQs7Wk7RVIbJJk=,AFL1eNpP06z6VNmXuzfgkg+nQ9U=
44,20,LMIoFpFv8GAkSkQs7Wk7RVIbJJk=,AFL1eNpP06z6VNmXuzfgkg+nQ9U=
47,18,LMIoFpFv8GAkSkQs7Wk7RVIbJJk=,03VAZfNuB5EIbZDzvyUHtXy+TRY=
47,17,LMIoFpFv8GAkSkQs7Wk7RVIbJJk=,03VAZfNuB5EIbZDzvyUHtXy+TRY=
38,17,LMIoFpFv8GAkSkQs7Wk7RVIbJJk=,zrCGTx/XvgPH4whijoIBX6vIUfQ=
37,19,LMIoFpFv8GAkSkQs7Wk7RVIbJJk=,zrCGTx/XvgPH4whijoIBX6vIUfQ=
40,20,LMIoFpFv8GAkSkQs7Wk7RVIbJJk=,47WOEZggByLREpLjytIwaF1b1ck=
38,18,LMIoFpFv8GAkSkQs7Wk7RVIbJJk=,zrCGTx/XvgPH4whijoIBX6vIUfQ=
39,19,LMIoFpFv8GAkSkQs7Wk7RVIbJJk=,zrCGTx/XvgPH4whijoIBX6vIUfQ=
40,18,LMIoFpFv8GAkSkQs7Wk7RVIbJJk=,g9x0oy1OPeN6/wZxd6BND4b3VUA=
37,16,LMIoFpFv8GAkSkQs7Wk7RVIbJJk=,zrCGTx/XvgPH4whijoIBX6vIUfQ=
38,16,LMIoFpFv8GAkSkQs7Wk7RVIbJJk=,zrCGTx/XvgPH4whijoIBX6vIUfQ=
40,19,LMIoFpFv8GAkSkQs7Wk7RVIbJJk=,g9x0oy1OPeN6/wZxd6BND4b3VUA=
37,17,LMIoFpFv8GAkSkQs7Wk7RVIbJJk=,zrCGTx/XvgPH4whijoIBX6vIUfQ=
39,18,LMIoFpFv8GAkSkQs7Wk7RVIbJJk=,zrCGTx/XvgPH4whijoIBX6vIUfQ=
40,17,LMIoFpFv8GAkSkQs7Wk7RVIbJJk=,g9x0oy1OPeN6/wZxd6BND4b3VUA=
38,19,LMIoFpFv8GAkSkQs7Wk7RVIbJJk=,zrCGTx/XvgPH4whijoIBX6vIUfQ=
39,17,LMIoFpFv8GAkSkQs7Wk7RVIbJJk=,zrCGTx/XvgPH4whijoIBX6vIUfQ=
38,20,LMIoFpFv8GAkSkQs7Wk7RVIbJJk=,r0m+eVA3O9/1OR/Vu0zX/VRtHiE=
39,20,LMIoFpFv8GAkSkQs7Wk7RVIbJJk=,r0m+eVA3O9/1OR/Vu0zX/VRtHiE=
37,18,LMIoFpFv8GAkSkQs7Wk7RVIbJJk=,zrCGTx/XvgPH4whijoIBX6vIUfQ=
42,16,LMIoFpFv8GAkSkQs7Wk7RVIbJJk=,g9x0oy1OPeN6/wZxd6BND4b3VUA=
40,16,LMIoFpFv8GAkSkQs7Wk7RVIbJJk=,g9x0oy1OPeN6/wZxd6BND4b3VUA=
39,16,LMIoFpFv8GAkSkQs7Wk7RVIbJJk=,zrCGTx/XvgPH4whijoIBX6vIUfQ=
37,20,LMIoFpFv8GAkSkQs7Wk7RVIbJJk=,r0m+eVA3O9/1OR/Vu0zX/VRtHiE=
45,16,LMIoFpFv8GAkSkQs7Wk7RVIbJJk=,03VAZfNuB5EIbZDzvyUHtXy+TRY=
43,16,LMIoFpFv8GAkSkQs7Wk7RVIbJJk=,g9x0oy1OPeN6/wZxd6BND4b3VUA=
44,16,LMIoFpFv8GAkSkQs7Wk7RVIbJJk=,03VAZfNuB5EIbZDzvyUHtXy+TRY=
46,16,LMIoFpFv8GAkSkQs7Wk7RVIbJJk=,03VAZfNuB5EIbZDzvyUHtXy+TRY=
41,16,LMIoFpFv8GAkSkQs7Wk7RVIbJJk=,g9x0oy1OPeN6/wZxd6BND4b3VUA=
36,19,LMIoFpFv8GAkSkQs7Wk7RVIbJJk=,zrCGTx/XvgPH4whijoIBX6vIUfQ=
34,19,LMIoFpFv8GAkSkQs7Wk7RVIbJJk=,bQxj1fkKZcOtAvFQ+qM1aLN+5Hg=
32,18,LMIoFpFv8GAkSkQs7Wk7RVIbJJk=,bQxj1fkKZcOtAvFQ+qM1aLN+5Hg=
36,17,LMIoFpFv8GAkSkQs7Wk7RVIbJJk=,zrCGTx/XvgPH4whijoIBX6vIUfQ=
35,17,LMIoFpFv8GAkSkQs7Wk7RVIbJJk=,bQxj1fkKZcOtAvFQ+qM1aLN+5Hg=
35,20,LMIoFpFv8GAkSkQs7Wk7RVIbJJk=,4UtmDOqwN75qA2c3dprm6QB1vSY=
36,16,LMIoFpFv8GAkSkQs7Wk7RVIbJJk=,zrCGTx/XvgPH4whijoIBX6vIUfQ=
35,16,LMIoFpFv8GAkSkQs7Wk7RVIbJJk=,bQxj1fkKZcOtAvFQ+qM1aLN+5Hg=
33,16,LMIoFpFv8GAkSkQs7Wk7RVIbJJk=,bQxj1fkKZcOtAvFQ+qM1aLN+5Hg=
34,17,LMIoFpFv8GAkSkQs7Wk7RVIbJJk=,bQxj1fkKZcOtAvFQ+qM1aLN+5Hg=
34,20,LMIoFpFv8GAkSkQs7Wk7RVIbJJk=,4UtmDOqwN75qA2c3dprm6QB1vSY=
35,18,LMIoFpFv8GAkSkQs7Wk7RVIbJJk=,bQxj1fkKZcOtAvFQ+qM1aLN+5Hg=
33,20,LMIoFpFv8GAkSkQs7Wk7RVIbJJk=,4UtmDOqwN75qA2c3dprm6QB1vSY=
34,18,LMIoFpFv8GAkSkQs7Wk7RVIbJJk=,bQxj1fkKZcOtAvFQ+qM1aLN+5Hg=
33,19,LMIoFpFv8GAkSkQs7Wk7RVIbJJk=,bQxj1fkKZcOtAvFQ+qM1aLN+5Hg=
33,17,LMIoFpFv8GAkSkQs7Wk7RVIbJJk=,bQxj1fkKZcOtAvFQ+qM1aLN+5Hg=
36,18,LMIoFpFv8GAkSkQs7Wk7RVIbJJk=,zrCGTx/XvgPH4whijoIBX6vIUfQ=
33,18,LMIoFpFv8GAkSkQs7Wk7RVIbJJk=,bQxj1fkKZcOtAvFQ+qM1aLN+5Hg=
32,17,LMIoFpFv8GAkSkQs7Wk7RVIbJJk=,bQxj1fkKZcOtAvFQ+qM1aLN+5Hg=
34,16,LMIoFpFv8GAkSkQs7Wk7RVIbJJk=,bQxj1fkKZcOtAvFQ+qM1aLN+5Hg=
36,20,LMIoFpFv8GAkSkQs7Wk7RVIbJJk=,r0m+eVA3O9/1OR/Vu0zX/VRtHiE=
35,19,LMIoFpFv8GAkSkQs7Wk7RVIbJJk=,bQxj1fkKZcOtAvFQ+qM1aLN+5Hg=
46,31,LMIoFpFv8GAkSkQs7Wk7RVIbJJk=,2vHVG6OyPrpQWMSWEAUnbwYhpfs=
45,31,LMIoFpFv8GAkSkQs7Wk7RVIbJJk=,2vHVG6OyPrpQWMSWEAUnbwYhpfs=
39,31,LMIoFpFv8GAkSkQs7Wk7RVIbJJk=,AdwYyKGbo47oCVq/VOtSrgZHKec=
42,31,LMIoFpFv8GAkSkQs7Wk7RVIbJJk=,KVnN9zWKO3Laum9VdvSZvgNQP6Y=
32,19,LMIoFpFv8GAkSkQs7Wk7RVIbJJk=,bQxj1fkKZcOtAvFQ+qM1aLN+5Hg=
43,31,LMIoFpFv8GAkSkQs7Wk7RVIbJJk=,KVnN9zWKO3Laum9VdvSZvgNQP6Y=
32,24,LMIoFpFv8GAkSkQs7Wk7RVIbJJk=,IzKJHbIe6vH/KQw8YfNLPuxxXdU=
32,23,LMIoFpFv8GAkSkQs7Wk7RVIbJJk=,4UtmDOqwN75qA2c3dprm6QB1vSY=
32,21,LMIoFpFv8GAkSkQs7Wk7RVIbJJk=,4UtmDOqwN75qA2c3dprm6QB1vSY=
40,31,LMIoFpFv8GAkSkQs7Wk7RVIbJJk=,KVnN9zWKO3Laum9VdvSZvgNQP6Y=
44,31,LMIoFpFv8GAkSkQs7Wk7RVIbJJk=,2vHVG6OyPrpQWMSWEAUnbwYhpfs=
32,22,LMIoFpFv8GAkSkQs7Wk7RVIbJJk=,4UtmDOqwN75qA2c3dprm6QB1vSY=
47,29,LMIoFpFv8GAkSkQs7Wk7RVIbJJk=,2vHVG6OyPrpQWMSWEAUnbwYhpfs=
47,30,LMIoFpFv8GAkSkQs7Wk7RVIbJJk=,2vHVG6OyPrpQWMSWEAUnbwYhpfs=
32,20,LMIoFpFv8GAkSkQs7Wk7RVIbJJk=,4UtmDOqwN75qA2c3dprm6QB1vSY=
41,31,LMIoFpFv8GAkSkQs7Wk7RVIbJJk=,KVnN9zWKO3Laum9VdvSZvgNQP6Y=
32,31,LMIoFpFv8GAkSkQs7Wk7RVIbJJk=,Zi8aWxB8U78zRPk/Hft1g9M/vt4=
47,16,LMIoFpFv8GAkSkQs7Wk7RVIbJJk=,03VAZfNuB5EIbZDzvyUHtXy+TRY=
32,16,LMIoFpFv8GAkSkQs7Wk7RVIbJJk=,bQxj1fkKZcOtAvFQ+qM1aLN+5Hg=
47,31,LMIoFpFv8GAkSkQs7Wk7RVIbJJk=,2vHVG6OyPrpQWMSWEAUnbwYhpfs=
47,26,LMIoFpFv8GAkSkQs7Wk7RVIbJJk=,t0K0YQ+Z++J2Vtrv6k3UfHLiqZ8=
47,27,LMIoFpFv8GAkSkQs7Wk7RVIbJJk=,t0K0YQ+Z++J2Vtrv6k3UfHLiqZ8=
47,28,LMIoFpFv8GAkSkQs7Wk7RVIbJJk=,2vHVG6OyPrpQWMSWEAUnbwYhpfs=
47,25,LMIoFpFv8GAkSkQs7Wk7RVIbJJk=,t0K0YQ+Z++J2Vtrv6k3UfHLiqZ8=
47,22,LMIoFpFv8GAkSkQs7Wk7RVIbJJk=,AFL1eNpP06z6VNmXuzfgkg+nQ9U=
47,24,LMIoFpFv8GAkSkQs7Wk7RVIbJJk=,t0K0YQ+Z++J2Vtrv6k3UfHLiqZ8=
47,20,LMIoFpFv8GAkSkQs7Wk7RVIbJJk=,AFL1eNpP06z6VNmXuzfgkg+nQ9U=
47,21,LMIoFpFv8GAkSkQs7Wk7RVIbJJk=,AFL1eNpP06z6VNmXuzfgkg+nQ9U=
47,23,LMIoFpFv8GAkSkQs7Wk7RVIbJJk=,AFL1eNpP06z6VNmXuzfgkg+nQ9U=
47,19,LMIoFpFv8GAkSkQs7Wk7RVIbJJk=,03VAZfNuB5EIbZDzvyUHtXy+TRY=
57,17,6/1D/ily75Y+lirPPnq38haeKXg=,FDDGRzmkYglN7YV+He/LW7QU+Xw=
57,18,6/1D/ily75Y+lirPPnq38haeKXg=,FDDGRzmkYglN7YV+He/LW7QU+Xw=
58,18,6/1D/ily75Y+lirPPnq38haeKXg=,FDDGRzmkYglN7YV+He/LW7QU+Xw=
58,17,6/1D/ily75Y+lirPPnq38haeKXg=,FDDGRzmkYglN7YV+He/LW7QU+Xw=
57,21,6/1D/ily75Y+lirPPnq38haeKXg=,eUj9jKBvm1JFWq0mX3v5PSpLk3U=
58,20,6/1D/ily75Y+lirPPnq38haeKXg=,eUj9jKBvm1JFWq0mX3v5PSpLk3U=
57,20,6/1D/ily75Y+lirPPnq38haeKXg=,eUj9jKBvm1JFWq0mX3v5PSpLk3U=
58,21,6/1D/ily75Y+lirPPnq38haeKXg=,eUj9jKBvm1JFWq0mX3v5PSpLk3U=
58,19,6/1D/ily75Y+lirPPnq38haeKXg=,FDDGRzmkYglN7YV+He/LW7QU+Xw=
57,22,6/1D/ily75Y+lirPPnq38haeKXg=,eUj9jKBvm1JFWq0mX3v5PSpLk3U=
57,19,6/1D/ily75Y+lirPPnq38haeKXg=,FDDGRzmkYglN7YV+He/LW7QU+Xw=
58,22,6/1D/ily75Y+lirPPnq38haeKXg=,eUj9jKBvm1JFWq0mX3v5PSpLk3U=
62,22,6/1D/ily75Y+lirPPnq38haeKXg=,Qsie7ARhCZlpbyBAkqwtj7brPv0=
59,21,6/1D/ily75Y+lirPPnq38haeKXg=,eUj9jKBvm1JFWq0mX3v5PSpLk3U=
60,22,6/1D/ily75Y+lirPPnq38haeKXg=,Qsie7ARhCZlpbyBAkqwtj7brPv0=
61,22,6/1D/ily75Y+lirPPnq38haeKXg=,Qsie7ARhCZlpbyBAkqwtj7brPv0=
59,22,6/1D/ily75Y+lirPPnq38haeKXg=,eUj9jKBvm1JFWq0mX3v5PSpLk3U=
61,21,6/1D/ily75Y+lirPPnq38haeKXg=,Qsie7ARhCZlpbyBAkqwtj7brPv0=
62,21,6/1D/ily75Y+lirPPnq38haeKXg=,Qsie7ARhCZlpbyBAkqwtj7brPv0=
59,18,6/1D/ily75Y+lirPPnq38haeKXg=,FDDGRzmkYglN7YV+He/LW7QU+Xw=
60,17,6/1D/ily75Y+lirPPnq38haeKXg=,rk90f6EiZYSKLYw0Y6qmfGmVj4o=
60,21,6/1D/ily75Y+lirPPnq38haeKXg=,Qsie7ARhCZlpbyBAkqwtj7brPv0=
61,18,6/1D/ily75Y+lirPPnq38haeKXg=,rk90f6EiZYSKLYw0Y6qmfGmVj4o=
62,18,6/1D/ily75Y+lirPPnq38haeKXg=,rk90f6EiZYSKLYw0Y6qmfGmVj4o=
59,17,6/1D/ily75Y+lirPPnq38haeKXg=,FDDGRzmkYglN7YV+He/LW7QU+Xw=
59,19,6/1D/ily75Y+lirPPnq38haeKXg=,FDDGRzmkYglN7YV+He/LW7QU+Xw=
62,20,6/1D/ily75Y+lirPPnq38haeKXg=,Qsie7ARhCZlpbyBAkqwtj7brPv0=
60,18,6/1D/ily75Y+lirPPnq38haeKXg=,rk90f6EiZYSKLYw0Y6qmfGmVj4o=
61,20,6/1D/ily75Y+lirPPnq38haeKXg=,Qsie7ARhCZlpbyBAkqwtj7brPv0=
60,20,6/1D/ily75Y+lirPPnq38haeKXg=,Qsie7ARhCZlpbyBAkqwtj7brPv0=
62,17,6/1D/ily75Y+lirPPnq38haeKXg=,rk90f6EiZYSKLYw0Y6qmfGmVj4o=
62,19,6/1D/ily75Y+lirPPnq38haeKXg=,rk90f6EiZYSKLYw0Y6qmfGmVj4o=
61,19,6/1D/ily75Y+lirPPnq38haeKXg=,rk90f6EiZYSKLYw0Y6qmfGmVj4o=
61,17,6/1D/ily75Y+lirPPnq38haeKXg=,rk90f6EiZYSKLYw0Y6qmfGmVj4o=
59,20,6/1D/ily75Y+lirPPnq38haeKXg=,eUj9jKBvm1JFWq0mX3v5PSpLk3U=
60,19,6/1D/ily75Y+lirPPnq38haeKXg=,rk90f6EiZYSKLYw0Y6qmfGmVj4o=
57,24,6/1D/ily75Y+lirPPnq38haeKXg=,zVVF/3xoMkU3Lsz331dJUucolPY=
57,23,6/1D/ily75Y+lirPPnq38haeKXg=,eUj9jKBvm1JFWq0mX3v5PSpLk3U=
58,23,6/1D/ily75Y+lirPPnq38haeKXg=,eUj9jKBvm1JFWq0mX3v5PSpLk3U=
58,25,6/1D/ily75Y+lirPPnq38haeKXg=,zVVF/3xoMkU3Lsz331dJUucolPY=
57,25,6/1D/ily75Y+lirPPnq38haeKXg=,zVVF/3xoMkU3Lsz331dJUucolPY=
58,24,6/1D/ily75Y+lirPPnq38haeKXg=,zVVF/3xoMkU3Lsz331dJUucolPY=
58,26,6/1D/ily75Y+lirPPnq38haeKXg=,zVVF/3xoMkU3Lsz331dJUucolPY=
57,26,6/1D/ily75Y+lirPPnq38haeKXg=,zVVF/3xoMkU3Lsz331dJUucolPY=
58,30,Ho5RkQant6KSyHsqgaU9UpE0lgQ=,qa4dmzrowGIQJH7KpnW55FQANZs=
58,28,Ho5RkQant6KSyHsqgaU9UpE0lgQ=,qa4dmzrowGIQJH7KpnW55FQANZs=
57,30,Ho5RkQant6KSyHsqgaU9UpE0lgQ=,qa4dmzrowGIQJH7KpnW55FQANZs=
57,27,Ho5RkQant6KSyHsqgaU9UpE0lgQ=,zVVF/3xoMkU3Lsz331dJUucolPY=
60,29,Ho5RkQant6KSyHsqgaU9UpE0lgQ=,S5M57mipvsSBFYM8dx5HIYV2DpM=
57,28,Ho5RkQant6KSyHsqgaU9UpE0lgQ=,qa4dmzrowGIQJH7KpnW55FQANZs=
59,30,Ho5RkQant6KSyHsqgaU9UpE0lgQ=,qa4dmzrowGIQJH7KpnW55FQANZs=
60,30,Ho5RkQant6KSyHsqgaU9UpE0lgQ=,S5M57mipvsSBFYM8dx5HIYV2DpM=
57,29,Ho5RkQant6KSyHsqgaU9UpE0lgQ=,qa4dmzrowGIQJH7KpnW55FQANZs=
59,29,Ho5RkQant6KSyHsqgaU9UpE0lgQ=,qa4dmzrowGIQJH7KpnW55FQANZs=
61,30,Ho5RkQant6KSyHsqgaU9UpE0lgQ=,S5M57mipvsSBFYM8dx5HIYV2DpM=
61,29,Ho5RkQant6KSyHsqgaU9UpE0lgQ=,S5M57mipvsSBFYM8dx5HIYV2DpM=
58,27,Ho5RkQant6KSyHsqgaU9UpE0lgQ=,zVVF/3xoMkU3Lsz331dJUucolPY=
62,30,Ho5RkQant6KSyHsqgaU9UpE0lgQ=,S5M57mipvsSBFYM8dx5HIYV2DpM=
62,29,Ho5RkQant6KSyHsqgaU9UpE0lgQ=,S5M57mipvsSBFYM8dx5HIYV2DpM=
58,29,Ho5RkQant6KSyHsqgaU9UpE0lgQ=,qa4dmzrowGIQJH7KpnW55FQANZs=
62,24,Ho5RkQant6KSyHsqgaU9UpE0lgQ=,Pmvj3WolDnizHAJg1XfPePwVfnY=
61,28,Ho5RkQant6KSyHsqgaU9UpE0lgQ=,S5M57mipvsSBFYM8dx5HIYV2DpM=
62,28,Ho5RkQant6KSyHsqgaU9UpE0lgQ=,S5M57mipvsSBFYM8dx5HIYV2DpM=
61,24,Ho5RkQant6KSyHsqgaU9UpE0lgQ=,Pmvj3WolDnizHAJg1XfPePwVfnY=
60,24,Ho5RkQant6KSyHsqgaU9UpE0lgQ=,Pmvj3WolDnizHAJg1XfPePwVfnY=
60,27,Ho5RkQant6KSyHsqgaU9UpE0lgQ=,Pmvj3WolDnizHAJg1XfPePwVfnY=
59,28,Ho5RkQant6KSyHsqgaU9UpE0lgQ=,qa4dmzrowGIQJH7KpnW55FQANZs=
62,26,Ho5RkQant6KSyHsqgaU9UpE0lgQ=,Pmvj3WolDnizHAJg1XfPePwVfnY=
61,26,Ho5RkQant6KSyHsqgaU9UpE0lgQ=,Pmvj3WolDnizHAJg1XfPePwVfnY=
59,26,Ho5RkQant6KSyHsqgaU9UpE0lgQ=,zVVF/3xoMkU3Lsz331dJUucolPY=
60,26,Ho5RkQant6KSyHsqgaU9UpE0lgQ=,Pmvj3WolDnizHAJg1XfPePwVfnY=
59,27,Ho5RkQant6KSyHsqgaU9UpE0lgQ=,zVVF/3xoMkU3Lsz331dJUucolPY=
59,23,Ho5RkQant6KSyHsqgaU9UpE0lgQ=,eUj9jKBvm1JFWq0mX3v5PSpLk3U=
61,23,Ho5RkQant6KSyHsqgaU9UpE0lgQ=,Qsie7ARhCZlpbyBAkqwtj7brPv0=
62,23,Ho5RkQant6KSyHsqgaU9UpE0lgQ=,Qsie7ARhCZlpbyBAkqwtj7brPv0=
59,25,Ho5RkQant6KSyHsqgaU9UpE0lgQ=,zVVF/3xoMkU3Lsz331dJUucolPY=
60,23,Ho5RkQant6KSyHsqgaU9UpE0lgQ=,Qsie7ARhCZlpbyBAkqwtj7brPv0=
62,25,Ho5RkQant6KSyHsqgaU9UpE0lgQ=,Pmvj3WolDnizHAJg1XfPePwVfnY=
60,25,Ho5RkQant6KSyHsqgaU9UpE0lgQ=,Pmvj3WolDnizHAJg1XfPePwVfnY=
59,24,Ho5RkQant6KSyHsqgaU9UpE0lgQ=,zVVF/3xoMkU3Lsz331dJUucolPY=
62,27,Ho5RkQant6KSyHsqgaU9UpE0lgQ=,Pmvj3WolDnizHAJg1XfPePwVfnY=
61,25,Ho5RkQant6KSyHsqgaU9UpE0lgQ=,Pmvj3WolDnizHAJg1XfPePwVfnY=
61,27,Ho5RkQant6KSyHsqgaU9UpE0lgQ=,Pmvj3WolDnizHAJg1XfPePwVfnY=
60,28,Ho5RkQant6KSyHsqgaU9UpE0lgQ=,S5M57mipvsSBFYM8dx5HIYV2DpM=
54,26,Ho5RkQant6KSyHsqgaU9UpE0lgQ=,hgpj+zwn4srFjT8MC3gM1qas9vA=
54,25,Ho5RkQant6KSyHsqgaU9UpE0lgQ=,hgpj+zwn4srFjT8MC3gM1qas9vA=
55,25,Ho5RkQant6KSyHsqgaU9UpE0lgQ=,hgpj+zwn4srFjT8MC3gM1qas9vA=
56,25,Ho5RkQant6KSyHsqgaU9UpE0lgQ=,zVVF/3xoMkU3Lsz331dJUucolPY=
53,25,Ho5RkQant6KSyHsqgaU9UpE0lgQ=,hgpj+zwn4srFjT8MC3gM1qas9vA=
53,26,Ho5RkQant6KSyHsqgaU9UpE0lgQ=,hgpj+zwn4srFjT8MC3gM1qas9vA=
56,26,Ho5RkQant6KSyHsqgaU9UpE0lgQ=,zVVF/3xoMkU3Lsz331dJUucolPY=
55,26,Ho5RkQant6KSyHsqgaU9UpE0lgQ=,hgpj+zwn4srFjT8MC3gM1qas9vA=
54,30,Ho5RkQant6KSyHsqgaU9UpE0lgQ=,Vfcig9SrS9HIT4chKz/jtX2dBA4=
51,25,Ho5RkQant6KSyHsqgaU9UpE0lgQ=,hIzgmI/RE5Ui4DuLJwQyfliqUPA=
50,25,Ho5RkQant6KSyHsqgaU9UpE0lgQ=,hIzgmI/RE5Ui4DuLJwQyfliqUPA=
52,25,Ho5RkQant6KSyHsqgaU9UpE0lgQ=,hgpj+zwn4srFjT8MC3gM1qas9vA=
56,28,Ho5RkQant6KSyHsqgaU9UpE0lgQ=,qa4dmzrowGIQJH7KpnW55FQANZs=
55,27,Ho5RkQant6KSyHsqgaU9UpE0lgQ=,hgpj+zwn4srFjT8MC3gM1qas9vA=
54,29,Ho5RkQant6KSyHsqgaU9UpE0lgQ=,Vfcig9SrS9HIT4chKz/jtX2dBA4=
53,30,Ho5RkQant6KSyHsqgaU9UpE0lgQ=,Vfcig9SrS9HIT4chKz/jtX2dBA4=
54,27,Ho5RkQant6KSyHsqgaU9UpE0lgQ=,hgpj+zwn4srFjT8MC3gM1qas9vA=
55,29,Ho5RkQant6KSyHsqgaU9UpE0lgQ=,Vfcig9SrS9HIT4chKz/jtX2dBA4=
52,26,Ho5RkQant6KSyHsqgaU9UpE0lgQ=,hgpj+zwn4srFjT8MC3gM1qas9vA=
56,30,Ho5RkQant6KSyHsqgaU9UpE0lgQ=,qa4dmzrowGIQJH7KpnW55FQANZs=
49,26,Ho5RkQant6KSyHsqgaU9UpE0lgQ=,hIzgmI/RE5Ui4DuLJwQyfliqUPA=
51,26,Ho5RkQant6KSyHsqgaU9UpE0lgQ=,hIzgmI/RE5Ui4DuLJwQyfliqUPA=
49,25,Ho5RkQant6KSyHsqgaU9UpE0lgQ=,hIzgmI/RE5Ui4DuLJwQyfliqUPA=
53,29,Ho5RkQant6KSyHsqgaU9UpE0lgQ=,Vfcig9SrS9HIT4chKz/jtX2dBA4=
50,26,Ho5RkQant6KSyHsqgaU9UpE0lgQ=,hIzgmI/RE5Ui4DuLJwQyfliqUPA=
56,29,Ho5RkQant6KSyHsqgaU9UpE0lgQ=,qa4dmzrowGIQJH7KpnW55FQANZs=
53,27,Ho5RkQant6KSyHsqgaU9UpE0lgQ=,hgpj+zwn4srFjT8MC3gM1qas9vA=
55,28,Ho5RkQant6KSyHsqgaU9UpE0lgQ=,Vfcig9SrS9HIT4chKz/jtX2dBA4=
54,28,Ho5RkQant6KSyHsqgaU9UpE0lgQ=,Vfcig9SrS9HIT4chKz/jtX2dBA4=
53,28,Ho5RkQant6KSyHsqgaU9UpE0lgQ=,Vfcig9SrS9HIT4chKz/jtX2dBA4=
56,27,Ho5RkQant6KSyHsqgaU9UpE0lgQ=,zVVF/3xoMkU3Lsz331dJUucolPY=
55,30,Ho5RkQant6KSyHsqgaU9UpE0lgQ=,Vfcig9SrS9HIT4chKz/jtX2dBA4=
55,22,Ho5RkQant6KSyHsqgaU9UpE0lgQ=,tRz0Sa34PInvXL1PSfc7CaBgZGs=
54,23,Ho5RkQant6KSyHsqgaU9UpE0lgQ=,tRz0Sa34PInvXL1PSfc7CaBgZGs=
54,24,Ho5RkQant6KSyHsqgaU9UpE0lgQ=,hgpj+zwn4srFjT8MC3gM1qas9vA=
53,24,Ho5RkQant6KSyHsqgaU9UpE0lgQ=,hgpj+zwn4srFjT8MC3gM1qas9vA=
53,22,Ho5RkQant6KSyHsqgaU9UpE0lgQ=,tRz0Sa34PInvXL1PSfc7CaBgZGs=
56,23,Ho5RkQant6KSyHsqgaU9UpE0lgQ=,eUj9jKBvm1JFWq0mX3v5PSpLk3U=
53,23,Ho5RkQant6KSyHsqgaU9UpE0lgQ=,tRz0Sa34PInvXL1PSfc7CaBgZGs=
55,23,Ho5RkQant6KSyHsqgaU9UpE0lgQ=,tRz0Sa34PInvXL1PSfc7CaBgZGs=
55,24,Ho5RkQant6KSyHsqgaU9UpE0lgQ=,hgpj+zwn4srFjT8MC3gM1qas9vA=
55,21,Ho5RkQant6KSyHsqgaU9UpE0lgQ=,tRz0Sa34PInvXL1PSfc7CaBgZGs=
54,22,Ho5RkQant6KSyHsqgaU9UpE0lgQ=,tRz0Sa34PInvXL1PSfc7CaBgZGs=
53,21,Ho5RkQant6KSyHsqgaU9UpE0lgQ=,tRz0Sa34PInvXL1PSfc7CaBgZGs=
54,21,Ho5RkQant6KSyHsqgaU9UpE0lgQ=,tRz0Sa34PInvXL1PSfc7CaBgZGs=
56,22,Ho5RkQant6KSyHsqgaU9UpE0lgQ=,eUj9jKBvm1JFWq0mX3v5PSpLk3U=
56,21,Ho5RkQant6KSyHsqgaU9UpE0lgQ=,eUj9jKBvm1JFWq0mX3v5PSpLk3U=
56,24,Ho5RkQant6KSyHsqgaU9UpE0lgQ=,zVVF/3xoMkU3Lsz331dJUucolPY=
50,24,Ho5RkQant6KSyHsqgaU9UpE0lgQ=,hIzgmI/RE5Ui4DuLJwQyfliqUPA=
49,24,Ho5RkQant6KSyHsqgaU9UpE0lgQ=,hIzgmI/RE5Ui4DuLJwQyfliqUPA=
49,23,Ho5RkQant6KSyHsqgaU9UpE0lgQ=,4BZRjiHzoo6f9VM4rEkttYKSOl0=
52,24,Ho5RkQant6KSyHsqgaU9UpE0lgQ=,hgpj+zwn4srFjT8MC3gM1qas9vA=
52,23,Ho5RkQant6KSyHsqgaU9UpE0lgQ=,tRz0Sa34PInvXL1PSfc7CaBgZGs=
49,21,Ho5RkQant6KSyHsqgaU9UpE0lgQ=,4BZRjiHzoo6f9VM4rEkttYKSOl0=
51,24,Ho5RkQant6KSyHsqgaU9UpE0lgQ=,hIzgmI/RE5Ui4DuLJwQyfliqUPA=
52,22,Ho5RkQant6KSyHsqgaU9UpE0lgQ=,tRz0Sa34PInvXL1PSfc7CaBgZGs=
51,23,Ho5RkQant6KSyHsqgaU9UpE0lgQ=,4BZRjiHzoo6f9VM4rEkttYKSOl0=
51,22,Ho5RkQant6KSyHsqgaU9UpE0lgQ=,4BZRjiHzoo6f9VM4rEkttYKSOl0=
50,22,Ho5RkQant6KSyHsqgaU9UpE0lgQ=,4BZRjiHzoo6f9VM4rEkttYKSOl0=
49,22,Ho5RkQant6KSyHsqgaU9UpE0lgQ=,4BZRjiHzoo6f9VM4rEkttYKSOl0=
50,21,Ho5RkQant6KSyHsqgaU9UpE0lgQ=,4BZRjiHzoo6f9VM4rEkttYKSOl0=
51,21,Ho5RkQant6KSyHsqgaU9UpE0lgQ=,4BZRjiHzoo6f9VM4rEkttYKSOl0=
52,21,Ho5RkQant6KSyHsqgaU9UpE0lgQ=,tRz0Sa34PInvXL1PSfc7CaBgZGs=
50,23,Ho5RkQant6KSyHsqgaU9UpE0lgQ=,4BZRjiHzoo6f9VM4rEkttYKSOl0=
48,22,Ho5RkQant6KSyHsqgaU9UpE0lgQ=,4BZRjiHzoo6f9VM4rEkttYKSOl0=
48,21,Ho5RkQant6KSyHsqgaU9UpE0lgQ=,4BZRjiHzoo6f9VM4rEkttYKSOl0=
48,23,Ho5RkQant6KSyHsqgaU9UpE0lgQ=,4BZRjiHzoo6f9VM4rEkttYKSOl0=
48,25,Ho5RkQant6KSyHsqgaU9UpE0lgQ=,hIzgmI/RE5Ui4DuLJwQyfliqUPA=
48,24,Ho5RkQant6KSyHsqgaU9UpE0lgQ=,hIzgmI/RE5Ui4DuLJwQyfliqUPA=
48,26,Ho5RkQant6KSyHsqgaU9UpE0lgQ=,hIzgmI/RE5Ui4DuLJwQyfliqUPA=
53,31,Ho5RkQant6KSyHsqgaU9UpE0lgQ=,Vfcig9SrS9HIT4chKz/jtX2dBA4=
54,31,Ho5RkQant6KSyHsqgaU9UpE0lgQ=,Vfcig9SrS9HIT4chKz/jtX2dBA4=
57,31,Ho5RkQant6KSyHsqgaU9UpE0lgQ=,qa4dmzrowGIQJH7KpnW55FQANZs=
58,31,Ho5RkQant6KSyHsqgaU9UpE0lgQ=,qa4dmzrowGIQJH7KpnW55FQANZs=
56,31,Ho5RkQant6KSyHsqgaU9UpE0lgQ=,qa4dmzrowGIQJH7KpnW55FQANZs=
55,31,Ho5RkQant6KSyHsqgaU9UpE0lgQ=,Vfcig9SrS9HIT4chKz/jtX2dBA4=
57,16,Ho5RkQant6KSyHsqgaU9UpE0lgQ=,FDDGRzmkYglN7YV+He/LW7QU+Xw=
58,16,Ho5RkQant6KSyHsqgaU9UpE0lgQ=,FDDGRzmkYglN7YV+He/LW7QU+Xw=
62,16,Ho5RkQant6KSyHsqgaU9UpE0lgQ=,rk90f6EiZYSKLYw0Y6qmfGmVj4o=
60,16,Ho5RkQant6KSyHsqgaU9UpE0lgQ=,rk90f6EiZYSKLYw0Y6qmfGmVj4o=
61,16,Ho5RkQant6KSyHsqgaU9UpE0lgQ=,rk90f6EiZYSKLYw0Y6qmfGmVj4o=
59,16,Ho5RkQant6KSyHsqgaU9UpE0lgQ=,FDDGRzmkYglN7YV+He/LW7QU+Xw=
63,17,Ho5RkQant6KSyHsqgaU9UpE0lgQ=,rk90f6EiZYSKLYw0Y6qmfGmVj4o=
63,18,Ho5RkQant6KSyHsqgaU9UpE0lgQ=,rk90f6EiZYSKLYw0Y6qmfGmVj4o=
63,22,Ho5RkQant6KSyHsqgaU9UpE0lgQ=,Qsie7ARhCZlpbyBAkqwtj7brPv0=
63,21,Ho5RkQant6KSyHsqgaU9UpE0lgQ=,Qsie7ARhCZlpbyBAkqwtj7brPv0=
63,20,Ho5RkQant6KSyHsqgaU9UpE0lgQ=,Qsie7ARhCZlpbyBAkqwtj7brPv0=
63,19,Ho5RkQant6KSyHsqgaU9UpE0lgQ=,rk90f6EiZYSKLYw0Y6qmfGmVj4o=
63,24,Ho5RkQant6KSyHsqgaU9UpE0lgQ=,Pmvj3WolDnizHAJg1XfPePwVfnY=
63,25,Ho5RkQant6KSyHsqgaU9UpE0lgQ=,Pmvj3WolDnizHAJg1XfPePwVfnY=
63,23,Ho5RkQant6KSyHsqgaU9UpE0lgQ=,Qsie7ARhCZlpbyBAkqwtj7brPv0=
63,26,Ho5RkQant6KSyHsqgaU9UpE0lgQ=,Pmvj3WolDnizHAJg1XfPePwVfnY=
50,29,Ho5RkQant6KSyHsqgaU9UpE0lgQ=,/RLTS0Weksya9T17or21JJM+Shc=
49,30,Ho5RkQant6KSyHsqgaU9UpE0lgQ=,/RLTS0Weksya9T17or21JJM+Shc=
48,30,Ho5RkQant6KSyHsqgaU9UpE0lgQ=,/RLTS0Weksya9T17or21JJM+Shc=
49,29,Ho5RkQant6KSyHsqgaU9UpE0lgQ=,/RLTS0Weksya9T17or21JJM+Shc=
52,30,Ho5RkQant6KSyHsqgaU9UpE0lgQ=,Vfcig9SrS9HIT4chKz/jtX2dBA4=
51,29,Ho5RkQant6KSyHsqgaU9UpE0lgQ=,/RLTS0Weksya9T17or21JJM+Shc=
51,31,Ho5RkQant6KSyHsqgaU9UpE0lgQ=,/RLTS0Weksya9T17or21JJM+Shc=
52,29,Ho5RkQant6KSyHsqgaU9UpE0lgQ=,Vfcig9SrS9HIT4chKz/jtX2dBA4=
48,29,Ho5RkQant6KSyHsqgaU9UpE0lgQ=,/RLTS0Weksya9T17or21JJM+Shc=
51,28,Ho5RkQant6KSyHsqgaU9UpE0lgQ=,/RLTS0Weksya9T17or21JJM+Shc=
50,28,Ho5RkQant6KSyHsqgaU9UpE0lgQ=,/RLTS0Weksya9T17or21JJM+Shc=
49,28,Ho5RkQant6KSyHsqgaU9UpE0lgQ=,/RLTS0Weksya9T17or21JJM+Shc=
48,28,Ho5RkQant6KSyHsqgaU9UpE0lgQ=,/RLTS0Weksya9T17or21JJM+Shc=
48,27,Ho5RkQant6KSyHsqgaU9UpE0lgQ=,hIzgmI/RE5Ui4DuLJwQyfliqUPA=
52,27,Ho5RkQant6KSyHsqgaU9UpE0lgQ=,hgpj+zwn4srFjT8MC3gM1qas9vA=
52,31,Ho5RkQant6KSyHsqgaU9UpE0lgQ=,Vfcig9SrS9HIT4chKz/jtX2dBA4=
50,30,Ho5RkQant6KSyHsqgaU9UpE0lgQ=,/RLTS0Weksya9T17or21JJM+Shc=
50,31,Ho5RkQant6KSyHsqgaU9UpE0lgQ=,/RLTS0Weksya9T17or21JJM+Shc=
49,31,Ho5RkQant6KSyHsqgaU9UpE0lgQ=,/RLTS0Weksya9T17or21JJM+Shc=
51,30,Ho5RkQant6KSyHsqgaU9UpE0lgQ=,/RLTS0Weksya9T17or21JJM+Shc=
51,27,Ho5RkQant6KSyHsqgaU9UpE0lgQ=,hIzgmI/RE5Ui4DuLJwQyfliqUPA=
52,28,Ho5RkQant6KSyHsqgaU9UpE0lgQ=,Vfcig9SrS9HIT4chKz/jtX2dBA4=
49,27,Ho5RkQant6KSyHsqgaU9UpE0lgQ=,hIzgmI/RE5Ui4DuLJwQyfliqUPA=
50,27,Ho5RkQant6KSyHsqgaU9UpE0lgQ=,hIzgmI/RE5Ui4DuLJwQyfliqUPA=
63,29,Ho5RkQant6KSyHsqgaU9UpE0lgQ=,S5M57mipvsSBFYM8dx5HIYV2DpM=
63,27,Ho5RkQant6KSyHsqgaU9UpE0lgQ=,Pmvj3WolDnizHAJg1XfPePwVfnY=
63,28,Ho5RkQant6KSyHsqgaU9UpE0lgQ=,S5M57mipvsSBFYM8dx5HIYV2DpM=
63,30,Ho5RkQant6KSyHsqgaU9UpE0lgQ=,S5M57mipvsSBFYM8dx5HIYV2DpM=
50,20,Ho5RkQant6KSyHsqgaU9UpE0lgQ=,4BZRjiHzoo6f9VM4rEkttYKSOl0=
49,19,Ho5RkQant6KSyHsqgaU9UpE0lgQ=,jZv1dSM9S3nLWVOWIv82p4pflUM=
50,19,Ho5RkQant6KSyHsqgaU9UpE0lgQ=,jZv1dSM9S3nLWVOWIv82p4pflUM=
48,17,Ho5RkQant6KSyHsqgaU9UpE0lgQ=,jZv1dSM9S3nLWVOWIv82p4pflUM=
49,18,Ho5RkQant6KSyHsqgaU9UpE0lgQ=,jZv1dSM9S3nLWVOWIv82p4pflUM=
49,16,Ho5RkQant6KSyHsqgaU9UpE0lgQ=,jZv1dSM9S3nLWVOWIv82p4pflUM=
48,20,Ho5RkQant6KSyHsqgaU9UpE0lgQ=,4BZRjiHzoo6f9VM4rEkttYKSOl0=
50,18,Ho5RkQant6KSyHsqgaU9UpE0lgQ=,jZv1dSM9S3nLWVOWIv82p4pflUM=
50,16,Ho5RkQant6KSyHsqgaU9UpE0lgQ=,jZv1dSM9S3nLWVOWIv82p4pflUM=
49,20,Ho5RkQant6KSyHsqgaU9UpE0lgQ=,4BZRjiHzoo6f9VM4rEkttYKSOl0=
50,17,Ho5RkQant6KSyHsqgaU9UpE0lgQ=,jZv1dSM9S3nLWVOWIv82p4pflUM=
48,19,Ho5RkQant6KSyHsqgaU9UpE0lgQ=,jZv1dSM9S3nLWVOWIv82p4pflUM=
49,17,Ho5RkQant6KSyHsqgaU9UpE0lgQ=,jZv1dSM9S3nLWVOWIv82p4pflUM=
48,18,Ho5RkQant6KSyHsqgaU9UpE0lgQ=,jZv1dSM9S3nLWVOWIv82p4pflUM=
51,19,Ho5RkQant6KSyHsqgaU9UpE0lgQ=,jZv1dSM9S3nLWVOWIv82p4pflUM=
54,17,Ho5RkQant6KSyHsqgaU9UpE0lgQ=,UQDSalmbsmh2E56FquAu1/2DloI=
53,18,Ho5RkQant6KSyHsqgaU9UpE0lgQ=,UQDSalmbsmh2E56FquAu1/2DloI=
54,18,Ho5RkQant6KSyHsqgaU9UpE0lgQ=,UQDSalmbsmh2E56FquAu1/2DloI=
53,16,Ho5RkQant6KSyHsqgaU9UpE0lgQ=,UQDSalmbsmh2E56FquAu1/2DloI=
55,17,Ho5RkQant6KSyHsqgaU9UpE0lgQ=,UQDSalmbsmh2E56FquAu1/2DloI=
56,18,Ho5RkQant6KSyHsqgaU9UpE0lgQ=,FDDGRzmkYglN7YV+He/LW7QU+Xw=
51,18,Ho5RkQant6KSyHsqgaU9UpE0lgQ=,jZv1dSM9S3nLWVOWIv82p4pflUM=
53,20,Ho5RkQant6KSyHsqgaU9UpE0lgQ=,tRz0Sa34PInvXL1PSfc7CaBgZGs=
52,16,Ho5RkQant6KSyHsqgaU9UpE0lgQ=,UQDSalmbsmh2E56FquAu1/2DloI=
52,17,Ho5RkQant6KSyHsqgaU9UpE0lgQ=,UQDSalmbsmh2E56FquAu1/2DloI=
54,20,Ho5RkQant6KSyHsqgaU9UpE0lgQ=,tRz0Sa34PInvXL1PSfc7CaBgZGs=
56,17,Ho5RkQant6KSyHsqgaU9UpE0lgQ=,FDDGRzmkYglN7YV+He/LW7QU+Xw=
51,20,Ho5RkQant6KSyHsqgaU9UpE0lgQ=,4BZRjiHzoo6f9VM4rEkttYKSOl0=
56,20,Ho5RkQant6KSyHsqgaU9UpE0lgQ=,eUj9jKBvm1JFWq0mX3v5PSpLk3U=
55,16,Ho5RkQant6KSyHsqgaU9UpE0lgQ=,UQDSalmbsmh2E56FquAu1/2DloI=
53,17,Ho5RkQant6KSyHsqgaU9UpE0lgQ=,UQDSalmbsmh2E56FquAu1/2DloI=
56,16,Ho5RkQant6KSyHsqgaU9UpE0lgQ=,FDDGRzmkYglN7YV+He/LW7QU+Xw=
54,16,Ho5RkQant6KSyHsqgaU9UpE0lgQ=,UQDSalmbsmh2E56FquAu1/2DloI=
56,19,Ho5RkQant6KSyHsqgaU9UpE0lgQ=,FDDGRzmkYglN7YV+He/LW7QU+Xw=
51,17,Ho5RkQant6KSyHsqgaU9UpE0lgQ=,jZv1dSM9S3nLWVOWIv82p4pflUM=
52,20,Ho5RkQant6KSyHsqgaU9UpE0lgQ=,tRz0Sa34PInvXL1PSfc7CaBgZGs=
55,19,Ho5RkQant6KSyHsqgaU9UpE0lgQ=,UQDSalmbsmh2E56FquAu1/2DloI=
52,18,Ho5RkQant6KSyHsqgaU9UpE0lgQ=,UQDSalmbsmh2E56FquAu1/2DloI=
51,16,Ho5RkQant6KSyHsqgaU9UpE0lgQ=,jZv1dSM9S3nLWVOWIv82p4pflUM=
54,19,Ho5RkQant6KSyHsqgaU9UpE0lgQ=,UQDSalmbsmh2E56FquAu1/2DloI=
55,20,Ho5RkQant6KSyHsqgaU9UpE0lgQ=,tRz0Sa34PInvXL1PSfc7CaBgZGs=
53,19,Ho5RkQant6KSyHsqgaU9UpE0lgQ=,UQDSalmbsmh2E56FquAu1/2DloI=
55,18,Ho5RkQant6KSyHsqgaU9UpE0lgQ=,UQDSalmbsmh2E56FquAu1/2DloI=
52,19,Ho5RkQant6KSyHsqgaU9UpE0lgQ=,UQDSalmbsmh2E56FquAu1/2DloI=
60,31,Ho5RkQant6KSyHsqgaU9UpE0lgQ=,S5M57mipvsSBFYM8dx5HIYV2DpM=
59,31,Ho5RkQant6KSyHsqgaU9UpE0lgQ=,qa4dmzrowGIQJH7KpnW55FQANZs=
62,31,Ho5RkQant6KSyHsqgaU9UpE0lgQ=,S5M57mipvsSBFYM8dx5HIYV2DpM=
61,31,Ho5RkQant6KSyHsqgaU9UpE0lgQ=,S5M57mipvsSBFYM8dx5HIYV2DpM=
63,31,Ho5RkQant6KSyHsqgaU9UpE0lgQ=,S5M57mipvsSBFYM8dx5HIYV2DpM=
48,31,Ho5RkQant6KSyHsqgaU9UpE0lgQ=,/RLTS0Weksya9T17or21JJM+Shc=
63,16,Ho5RkQant6KSyHsqgaU9UpE0lgQ=,rk90f6EiZYSKLYw0Y6qmfGmVj4o=
48,16,Ho5RkQant6KSyHsqgaU9UpE0lgQ=,jZv1dSM9S3nLWVOWIv82p4pflUM=
49,5,b9uv+XMbkvJyPNxNR/XfH0lGYAQ=,N207crZodAM3/qdDpwyti/EHBn8=
50,6,b9uv+XMbkvJyPNxNR/XfH0lGYAQ=,N207crZodAM3/qdDpwyti/EHBn8=
50,5,b9uv+XMbkvJyPNxNR/XfH0lGYAQ=,N207crZodAM3/qdDpwyti/EHBn8=
49,6,b9uv+XMbkvJyPNxNR/XfH0lGYAQ=,N207crZodAM3/qdDpwyti/EHBn8=
49,2,b9uv+XMbkvJyPNxNR/XfH0lGYAQ=,ToYWy2hVz3Api3OHFGiOqcwoJQQ=
50,2,b9uv+XMbkvJyPNxNR/XfH0lGYAQ=,ToYWy2hVz3Api3OHFGiOqcwoJQQ=
50,1,b9uv+XMbkvJyPNxNR/XfH0lGYAQ=,ToYWy2hVz3Api3OHFGiOqcwoJQQ=
50,4,b9uv+XMbkvJyPNxNR/XfH0lGYAQ=,N207crZodAM3/qdDpwyti/EHBn8=
53,6,b9uv+XMbkvJyPNxNR/XfH0lGYAQ=,mBlCCQuB9XGvHz21E7ISGF0AKY0=
51,5,b9uv+XMbkvJyPNxNR/XfH0lGYAQ=,N207crZodAM3/qdDpwyti/EHBn8=
52,6,b9uv+XMbkvJyPNxNR/XfH0lGYAQ=,mBlCCQuB9XGvHz21E7ISGF0AKY0=
49,4,b9uv+XMbkvJyPNxNR/XfH0lGYAQ=,N207crZodAM3/qdDpwyti/EHBn8=
49,1,b9uv+XMbkvJyPNxNR/XfH0lGYAQ=,ToYWy2hVz3Api3OHFGiOqcwoJQQ=
52,5,b9uv+XMbkvJyPNxNR/XfH0lGYAQ=,mBlCCQuB9XGvHz21E7ISGF0AKY0=
54,6,b9uv+XMbkvJyPNxNR/XfH0lGYAQ=,mBlCCQuB9XGvHz21E7ISGF0AKY0=
54,5,b9uv+XMbkvJyPNxNR/XfH0lGYAQ=,mBlCCQuB9XGvHz21E7ISGF0AKY0=
49,3,b9uv+XMbkvJyPNxNR/XfH0lGYAQ=,ToYWy2hVz3Api3OHFGiOqcwoJQQ=
50,3,b9uv+XMbkvJyPNxNR/XfH0lGYAQ=,ToYWy2hVz3Api3OHFGiOqcwoJQQ=
51,6,b9uv+XMbkvJyPNxNR/XfH0lGYAQ=,N207crZodAM3/qdDpwyti/EHBn8=
53,5,b9uv+XMbkvJyPNxNR/XfH0lGYAQ=,mBlCCQuB9XGvHz21E7ISGF0AKY0=
52,4,b9uv+XMbkvJyPNxNR/XfH0lGYAQ=,mBlCCQuB9XGvHz21E7ISGF0AKY0=
51,4,b9uv+XMbkvJyPNxNR/XfH0lGYAQ=,N207crZodAM3/qdDpwyti/EHBn8=
51,2,b9uv+XMbkvJyPNxNR/XfH0lGYAQ=,ToYWy2hVz3Api3OHFGiOqcwoJQQ=
54,2,b9uv+XMbkvJyPNxNR/XfH0lGYAQ=,po+NemM6NA5h2tD4C4+S7h4MvBI=
54,3,b9uv+XMbkvJyPNxNR/XfH0lGYAQ=,po+NemM6NA5h2tD4C4+S7h4MvBI=
51,3,b9uv+XMbkvJyPNxNR/XfH0lGYAQ=,ToYWy2hVz3Api3OHFGiOqcwoJQQ=
53,3,b9uv+XMbkvJyPNxNR/XfH0lGYAQ=,po+NemM6NA5h2tD4C4+S7h4MvBI=
52,2,b9uv+XMbkvJyPNxNR/XfH0lGYAQ=,po+NemM6NA5h2tD4C4+S7h4MvBI=
52,3,b9uv+XMbkvJyPNxNR/XfH0lGYAQ=,po+NemM6NA5h2tD4C4+S7h4MvBI=
53,2,b9uv+XMbkvJyPNxNR/XfH0lGYAQ=,po+NemM6NA5h2tD4C4+S7h4MvBI=
51,1,b9uv+XMbkvJyPNxNR/XfH0lGYAQ=,ToYWy2hVz3Api3OHFGiOqcwoJQQ=
52,1,b9uv+XMbkvJyPNxNR/XfH0lGYAQ=,po+NemM6NA5h2tD4C4+S7h4MvBI=
53,4,b9uv+XMbkvJyPNxNR/XfH0lGYAQ=,mBlCCQuB9XGvHz21E7ISGF0AKY0=
54,4,b9uv+XMbkvJyPNxNR/XfH0lGYAQ=,mBlCCQuB9XGvHz21E7ISGF0AKY0=
53,1,b9uv+XMbkvJyPNxNR/XfH0lGYAQ=,po+NemM6NA5h2tD4C4+S7h4MvBI=
54,1,b9uv+XMbkvJyPNxNR/XfH0lGYAQ=,po+NemM6NA5h2tD4C4+S7h4MvBI=
55,5,b9uv+XMbkvJyPNxNR/XfH0lGYAQ=,mBlCCQuB9XGvHz21E7ISGF0AKY0=
56,6,b9uv+XMbkvJyPNxNR/XfH0lGYAQ=,HzAQ2anA62rQhXk7mpIO6Wi/0qg=
56,5,b9uv+XMbkvJyPNxNR/XfH0lGYAQ=,HzAQ2anA62rQhXk7mpIO6Wi/0qg=
58,5,b9uv+XMbkvJyPNxNR/XfH0lGYAQ=,HzAQ2anA62rQhXk7mpIO6Wi/0qg=
55,6,b9uv+XMbkvJyPNxNR/XfH0lGYAQ=,mBlCCQuB9XGvHz21E7ISGF0AKY0=
57,6,b9uv+XMbkvJyPNxNR/XfH0lGYAQ=,HzAQ2anA62rQhXk7mpIO6Wi/0qg=
58,6,b9uv+XMbkvJyPNxNR/XfH0lGYAQ=,HzAQ2anA62rQhXk7mpIO6Wi/0qg=
57,5,b9uv+XMbkvJyPNxNR/XfH0lGYAQ=,HzAQ2anA62rQhXk7mpIO6Wi/0qg=
55,4,b9uv+XMbkvJyPNxNR/XfH0lGYAQ=,mBlCCQuB9XGvHz21E7ISGF0AKY0=
58,4,b9uv+XMbkvJyPNxNR/XfH0lGYAQ=,HzAQ2anA62rQhXk7mpIO6Wi/0qg=
56,4,b9uv+XMbkvJyPNxNR/XfH0lGYAQ=,HzAQ2anA62rQhXk7mpIO6Wi/0qg=
58,1,b9uv+XMbkvJyPNxNR/XfH0lGYAQ=,tFglwOSPpTEKbw7bOAnH4l24IDA=
57,4,b9uv+XMbkvJyPNxNR/XfH0lGYAQ=,HzAQ2anA62rQhXk7mpIO6Wi/0qg=
56,3,b9uv+XMbkvJyPNxNR/XfH0lGYAQ=,tFglwOSPpTEKbw7bOAnH4l24IDA=
57,3,b9uv+XMbkvJyPNxNR/XfH0lGYAQ=,tFglwOSPpTEKbw7bOAnH4l24IDA=
55,2,b9uv+XMbkvJyPNxNR/XfH0lGYAQ=,po+NemM6NA5h2tD4C4+S7h4MvBI=
57,1,b9uv+XMbkvJyPNxNR/XfH0lGYAQ=,tFglwOSPpTEKbw7bOAnH4l24IDA=
56,2,b9uv+XMbkvJyPNxNR/XfH0lGYAQ=,tFglwOSPpTEKbw7bOAnH4l24IDA=
58,3,b9uv+XMbkvJyPNxNR/XfH0lGYAQ=,tFglwOSPpTEKbw7bOAnH4l24IDA=
58,2,b9uv+XMbkvJyPNxNR/XfH0lGYAQ=,tFglwOSPpTEKbw7bOAnH4l24IDA=
55,1,b9uv+XMbkvJyPNxNR/XfH0lGYAQ=,po+NemM6NA5h2tD4C4+S7h4MvBI=
57,2,b9uv+XMbkvJyPNxNR/XfH0lGYAQ=,tFglwOSPpTEKbw7bOAnH4l24IDA=
55,3,b9uv+XMbkvJyPNxNR/XfH0lGYAQ=,po+NemM6NA5h2tD4C4+S7h4MvBI=
56,1,b9uv+XMbkvJyPNxNR/XfH0lGYAQ=,tFglwOSPpTEKbw7bOAnH4l24IDA=
62,5,b9uv+XMbkvJyPNxNR/XfH0lGYAQ=,I1LAUmNDmFJHU1OOg3RgPBCyTeA=
60,5,b9uv+XMbkvJyPNxNR/XfH0lGYAQ=,I1LAUmNDmFJHU1OOg3RgPBCyTeA=
61,6,b9uv+XMbkvJyPNxNR/XfH0lGYAQ=,I1LAUmNDmFJHU1OOg3RgPBCyTeA=
59,5,b9uv+XMbkvJyPNxNR/XfH0lGYAQ=,HzAQ2anA62rQhXk7mpIO6Wi/0qg=
61,5,b9uv+XMbkvJyPNxNR/XfH0lGYAQ=,I1LAUmNDmFJHU1OOg3RgPBCyTeA=
62,6,b9uv+XMbkvJyPNxNR/XfH0lGYAQ=,I1LAUmNDmFJHU1OOg3RgPBCyTeA=
59,6,b9uv+XMbkvJyPNxNR/XfH0lGYAQ=,HzAQ2anA62rQhXk7mpIO6Wi/0qg=
61,2,b9uv+XMbkvJyPNxNR/XfH0lGYAQ=,B21bdakGtpkpHKIVI+aac47QM8A=
62,2,b9uv+XMbkvJyPNxNR/XfH0lGYAQ=,B21bdakGtpkpHKIVI+aac47QM8A=
60,1,b9uv+XMbkvJyPNxNR/XfH0lGYAQ=,B21bdakGtpkpHKIVI+aac47QM8A=
59,4,b9uv+XMbkvJyPNxNR/XfH0lGYAQ=,HzAQ2anA62rQhXk7mpIO6Wi/0qg=
60,6,b9uv+XMbkvJyPNxNR/XfH0lGYAQ=,I1LAUmNDmFJHU1OOg3RgPBCyTeA=
62,4,b9uv+XMbkvJyPNxNR/XfH0lGYAQ=,I1LAUmNDmFJHU1OOg3RgPBCyTeA=
59,1,b9uv+XMbkvJyPNxNR/XfH0lGYAQ=,tFglwOSPpTEKbw7bOAnH4l24IDA=
59,2,b9uv+XMbkvJyPNxNR/XfH0lGYAQ=,tFglwOSPpTEKbw7bOAnH4l24IDA=
61,4,b9uv+XMbkvJyPNxNR/XfH0lGYAQ=,I1LAUmNDmFJHU1OOg3RgPBCyTeA=
62,3,b9uv+XMbkvJyPNxNR/XfH0lGYAQ=,B21bdakGtpkpHKIVI+aac47QM8A=
62,1,b9uv+XMbkvJyPNxNR/XfH0lGYAQ=,B21bdakGtpkpHKIVI+aac47QM8A=
60,4,b9uv+XMbkvJyPNxNR/XfH0lGYAQ=,I1LAUmNDmFJHU1OOg3RgPBCyTeA=
61,1,b9uv+XMbkvJyPNxNR/XfH0lGYAQ=,B21bdakGtpkpHKIVI+aac47QM8A=
60,2,b9uv+XMbkvJyPNxNR/XfH0lGYAQ=,B21bdakGtpkpHKIVI+aac47QM8A=
61,3,b9uv+XMbkvJyPNxNR/XfH0lGYAQ=,B21bdakGtpkpHKIVI+aac47QM8A=
60,3,b9uv+XMbkvJyPNxNR/XfH0lGYAQ=,B21bdakGtpkpHKIVI+aac47QM8A=
59,3,b9uv+XMbkvJyPNxNR/XfH0lGYAQ=,tFglwOSPpTEKbw7bOAnH4l24IDA=
58,10,R3urptGxF6R3qNo8lq0nLnYln+M=,7GWlkZy5R3L3vbf4uNux8DReL4M=
57,8,R3urptGxF6R3qNo8lq0nLnYln+M=,7GWlkZy5R3L3vbf4uNux8DReL4M=
57,9,R3urptGxF6R3qNo8lq0nLnYln+M=,7GWlkZy5R3L3vbf4uNux8DReL4M=
57,10,R3urptGxF6R3qNo8lq0nLnYln+M=,7GWlkZy5R3L3vbf4uNux8DReL4M=
57,7,R3urptGxF6R3qNo8lq0nLnYln+M=,HzAQ2anA62rQhXk7mpIO6Wi/0qg=
58,8,R3urptGxF6R3qNo8lq0nLnYln+M=,7GWlkZy5R3L3vbf4uNux8DReL4M=
58,9,R3urptGxF6R3qNo8lq0nLnYln+M=,7GWlkZy5R3L3vbf4uNux8DReL4M=
58,7,R3urptGxF6R3qNo8lq0nLnYln+M=,HzAQ2anA62rQhXk7mpIO6Wi/0qg=
62,14,R3urptGxF6R3qNo8lq0nLnYln+M=,QdRwQP2rGzzM4hd3jqW6Iqc1q1w=
61,13,R3urptGxF6R3qNo8lq0nLnYln+M=,QdRwQP2rGzzM4hd3jqW6Iqc1q1w=
61,14,R3urptGxF6R3qNo8lq0nLnYln+M=,QdRwQP2rGzzM4hd3jqW6Iqc1q1w=
62,13,R3urptGxF6R3qNo8lq0nLnYln+M=,QdRwQP2rGzzM4hd3jqW6Iqc1q1w=
62,12,R3urptGxF6R3qNo8lq0nLnYln+M=,QdRwQP2rGzzM4hd3jqW6Iqc1q1w=
57,13,R3urptGxF6R3qNo8lq0nLnYln+M=,KfdaKG0W4x+93Xq2wIGBjoEBWxQ=
58,12,R3urptGxF6R3qNo8lq0nLnYln+M=,KfdaKG0W4x+93Xq2wIGBjoEBWxQ=
58,11,R3urptGxF6R3qNo8lq0nLnYln+M=,7GWlkZy5R3L3vbf4uNux8DReL4M=
57,12,R3urptGxF6R3qNo8lq0nLnYln+M=,KfdaKG0W4x+93Xq2wIGBjoEBWxQ=
61,12,R3urptGxF6R3qNo8lq0nLnYln+M=,QdRwQP2rGzzM4hd3jqW6Iqc1q1w=
57,11,R3urptGxF6R3qNo8lq0nLnYln+M=,7GWlkZy5R3L3vbf4uNux8DReL4M=
60,11,R3urptGxF6R3qNo8lq0nLnYln+M=,Qs+wqyhF6P4j5dk68db5GUu8nOo=
58,14,R3urptGxF6R3qNo8lq0nLnYln+M=,KfdaKG0W4x+93Xq2wIGBjoEBWxQ=
57,14,R3urptGxF6R3qNo8lq0nLnYln+M=,KfdaKG0W4x+93Xq2wIGBjoEBWxQ=
59,8,R3urptGxF6R3qNo8lq0nLnYln+M=,7GWlkZy5R3L3vbf4uNux8DReL4M=
59,13,R3urptGxF6R3qNo8lq0nLnYln+M=,KfdaKG0W4x+93Xq2wIGBjoEBWxQ=
58,13,R3urptGxF6R3qNo8lq0nLnYln+M=,KfdaKG0W4x+93Xq2wIGBjoEBWxQ=
61,8,R3urptGxF6R3qNo8lq0nLnYln+M=,Qs+wqyhF6P4j5dk68db5GUu8nOo=
62,8,R3urptGxF6R3qNo8lq0nLnYln+M=,Qs+wqyhF6P4j5dk68db5GUu8nOo=
60,14,R3urptGxF6R3qNo8lq0nLnYln+M=,QdRwQP2rGzzM4hd3jqW6Iqc1q1w=
59,11,R3urptGxF6R3qNo8lq0nLnYln+M=,7GWlkZy5R3L3vbf4uNux8DReL4M=
59,7,R3urptGxF6R3qNo8lq0nLnYln+M=,HzAQ2anA62rQhXk7mpIO6Wi/0qg=
60,13,R3urptGxF6R3qNo8lq0nLnYln+M=,QdRwQP2rGzzM4hd3jqW6Iqc1q1w=
62,10,R3urptGxF6R3qNo8lq0nLnYln+M=,Qs+wqyhF6P4j5dk68db5GUu8nOo=
60,12,R3urptGxF6R3qNo8lq0nLnYln+M=,QdRwQP2rGzzM4hd3jqW6Iqc1q1w=
59,14,R3urptGxF6R3qNo8lq0nLnYln+M=,KfdaKG0W4x+93Xq2wIGBjoEBWxQ=
61,11,R3urptGxF6R3qNo8lq0nLnYln+M=,Qs+wqyhF6P4j5dk68db5GUu8nOo=
60,8,R3urptGxF6R3qNo8lq0nLnYln+M=,Qs+wqyhF6P4j5dk68db5GUu8nOo=
62,7,R3urptGxF6R3qNo8lq0nLnYln+M=,I1LAUmNDmFJHU1OOg3RgPBCyTeA=
61,10,R3urptGxF6R3qNo8lq0nLnYln+M=,Qs+wqyhF6P4j5dk68db5GUu8nOo=
62,11,R3urptGxF6R3qNo8lq0nLnYln+M=,Qs+wqyhF6P4j5dk68db5GUu8nOo=
59,10,R3urptGxF6R3qNo8lq0nLnYln+M=,7GWlkZy5R3L3vbf4uNux8DReL4M=
59,9,R3urptGxF6R3qNo8lq0nLnYln+M=,7GWlkZy5R3L3vbf4uNux8DReL4M=
61,7,R3urptGxF6R3qNo8lq0nLnYln+M=,I1LAUmNDmFJHU1OOg3RgPBCyTeA=
61,9,R3urptGxF6R3qNo8lq0nLnYln+M=,Qs+wqyhF6P4j5dk68db5GUu8nOo=
60,7,R3urptGxF6R3qNo8lq0nLnYln+M=,I1LAUmNDmFJHU1OOg3RgPBCyTeA=
62,9,R3urptGxF6R3qNo8lq0nLnYln+M=,Qs+wqyhF6P4j5dk68db5GUu8nOo=
60,10,R3urptGxF6R3qNo8lq0nLnYln+M=,Qs+wqyhF6P4j5dk68db5GUu8nOo=
60,9,R3urptGxF6R3qNo8lq0nLnYln+M=,Qs+wqyhF6P4j5dk68db5GUu8nOo=
59,12,R3urptGxF6R3qNo8lq0nLnYln+M=,KfdaKG0W4x+93Xq2wIGBjoEBWxQ=
56,9,R3urptGxF6R3qNo8lq0nLnYln+M=,7GWlkZy5R3L3vbf4uNux8DReL4M=
54,7,R3urptGxF6R3qNo8lq0nLnYln+M=,mBlCCQuB9XGvHz21E7ISGF0AKY0=
55,7,R3urptGxF6R3qNo8lq0nLnYln+M=,mBlCCQuB9XGvHz21E7ISGF0AKY0=
56,7,R3urptGxF6R3qNo8lq0nLnYln+M=,HzAQ2anA62rQhXk7mpIO6Wi/0qg=
55,10,R3urptGxF6R3qNo8lq0nLnYln+M=,VTbXp7lpxMa9MF6G2Lh6+4wyQ+o=
54,9,R3urptGxF6R3qNo8lq0nLnYln+M=,VTbXp7lpxMa9MF6G2Lh6+4wyQ+o=
54,10,R3urptGxF6R3qNo8lq0nLnYln+M=,VTbXp7lpxMa9MF6G2Lh6+4wyQ+o=
53,10,R3urptGxF6R3qNo8lq0nLnYln+M=,VTbXp7lpxMa9MF6G2Lh6+4wyQ+o=
53,7,R3urptGxF6R3qNo8lq0nLnYln+M=,mBlCCQuB9XGvHz21E7ISGF0AKY0=
56,8,R3urptGxF6R3qNo8lq0nLnYln+M=,7GWlkZy5R3L3vbf4uNux8DReL4M=
53,9,R3urptGxF6R3qNo8lq0nLnYln+M=,VTbXp7lpxMa9MF6G2Lh6+4wyQ+o=
55,9,R3urptGxF6R3qNo8lq0nLnYln+M=,VTbXp7lpxMa9MF6G2Lh6+4wyQ+o=
55,8,R3urptGxF6R3qNo8lq0nLnYln+M=,VTbXp7lpxMa9MF6G2Lh6+4wyQ+o=
53,8,R3urptGxF6R3qNo8lq0nLnYln+M=,VTbXp7lpxMa9MF6G2Lh6+4wyQ+o=
54,8,R3urptGxF6R3qNo8lq0nLnYln+M=,VTbXp7lpxMa9MF6G2Lh6+4wyQ+o=
56,10,R3urptGxF6R3qNo8lq0nLnYln+M=,7GWlkZy5R3L3vbf4uNux8DReL4M=
58,15,R3urptGxF6R3qNo8lq0nLnYln+M=,KfdaKG0W4x+93Xq2wIGBjoEBWxQ=
57,15,R3urptGxF6R3qNo8lq0nLnYln+M=,KfdaKG0W4x+93Xq2wIGBjoEBWxQ=
60,15,R3urptGxF6R3qNo8lq0nLnYln+M=,QdRwQP2rGzzM4hd3jqW6Iqc1q1w=
62,15,R3urptGxF6R3qNo8lq0nLnYln+M=,QdRwQP2rGzzM4hd3jqW6Iqc1q1w=
61,15,R3urptGxF6R3qNo8lq0nLnYln+M=,QdRwQP2rGzzM4hd3jqW6Iqc1q1w=
59,15,R3urptGxF6R3qNo8lq0nLnYln+M=,KfdaKG0W4x+93Xq2wIGBjoEBWxQ=
48,5,R3urptGxF6R3qNo8lq0nLnYln+M=,N207crZodAM3/qdDpwyti/EHBn8=
48,6,R3urptGxF6R3qNo8lq0nLnYln+M=,N207crZodAM3/qdDpwyti/EHBn8=
48,2,R3urptGxF6R3qNo8lq0nLnYln+M=,ToYWy2hVz3Api3OHFGiOqcwoJQQ=
48,3,R3urptGxF6R3qNo8lq0nLnYln+M=,ToYWy2hVz3Api3OHFGiOqcwoJQQ=
48,4,R3urptGxF6R3qNo8lq0nLnYln+M=,N207crZodAM3/qdDpwyti/EHBn8=
48,1,R3urptGxF6R3qNo8lq0nLnYln+M=,ToYWy2hVz3Api3OHFGiOqcwoJQQ=
50,0,R3urptGxF6R3qNo8lq0nLnYln+M=,ToYWy2hVz3Api3OHFGiOqcwoJQQ=
49,0,R3urptGxF6R3qNo8lq0nLnYln+M=,ToYWy2hVz3Api3OHFGiOqcwoJQQ=
53,14,R3urptGxF6R3qNo8lq0nLnYln+M=,n8abroGxKQasBNhNIkLtd7MJ6no=
53,13,R3urptGxF6R3qNo8lq0nLnYln+M=,n8abroGxKQasBNhNIkLtd7MJ6no=
54,14,R3urptGxF6R3qNo8lq0nLnYln+M=,n8abroGxKQasBNhNIkLtd7MJ6no=
56,13,R3urptGxF6R3qNo8lq0nLnYln+M=,KfdaKG0W4x+93Xq2wIGBjoEBWxQ=
54,13,R3urptGxF6R3qNo8lq0nLnYln+M=,n8abroGxKQasBNhNIkLtd7MJ6no=
55,14,R3urptGxF6R3qNo8lq0nLnYln+M=,n8abroGxKQasBNhNIkLtd7MJ6no=
56,15,R3urptGxF6R3qNo8lq0nLnYln+M=,KfdaKG0W4x+93Xq2wIGBjoEBWxQ=
56,11,R3urptGxF6R3qNo8lq0nLnYln+M=,7GWlkZy5R3L3vbf4uNux8DReL4M=
56,14,R3urptGxF6R3qNo8lq0nLnYln+M=,KfdaKG0W4x+93Xq2wIGBjoEBWxQ=
55,13,R3urptGxF6R3qNo8lq0nLnYln+M=,n8abroGxKQasBNhNIkLtd7MJ6no=
53,12,R3urptGxF6R3qNo8lq0nLnYln+M=,n8abroGxKQasBNhNIkLtd7MJ6no=
56,12,R3urptGxF6R3qNo8lq0nLnYln+M=,KfdaKG0W4x+93Xq2wIGBjoEBWxQ=
55,12,R3urptGxF6R3qNo8lq0nLnYln+M=,n8abroGxKQasBNhNIkLtd7MJ6no=
55,11,R3urptGxF6R3qNo8lq0nLnYln+M=,VTbXp7lpxMa9MF6G2Lh6+4wyQ+o=
54,12,R3urptGxF6R3qNo8lq0nLnYln+M=,n8abroGxKQasBNhNIkLtd7MJ6no=
54,15,R3urptGxF6R3qNo8lq0nLnYln+M=,n8abroGxKQasBNhNIkLtd7MJ6no=
53,15,R3urptGxF6R3qNo8lq0nLnYln+M=,n8abroGxKQasBNhNIkLtd7MJ6no=
55,15,R3urptGxF6R3qNo8lq0nLnYln+M=,n8abroGxKQasBNhNIkLtd7MJ6no=
54,11,R3urptGxF6R3qNo8lq0nLnYln+M=,VTbXp7lpxMa9MF6G2Lh6+4wyQ+o=
53,11,R3urptGxF6R3qNo8lq0nLnYln+M=,VTbXp7lpxMa9MF6G2Lh6+4wyQ+o=
54,0,R3urptGxF6R3qNo8lq0nLnYln+M=,po+NemM6NA5h2tD4C4+S7h4MvBI=
53,0,R3urptGxF6R3qNo8lq0nLnYln+M=,po+NemM6NA5h2tD4C4+S7h4MvBI=
52,0,R3urptGxF6R3qNo8lq0nLnYln+M=,po+NemM6NA5h2tD4C4+S7h4MvBI=
51,0,R3urptGxF6R3qNo8lq0nLnYln+M=,ToYWy2hVz3Api3OHFGiOqcwoJQQ=
56,0,R3urptGxF6R3qNo8lq0nLnYln+M=,tFglwOSPpTEKbw7bOAnH4l24IDA=
57,0,R3urptGxF6R3qNo8lq0nLnYln+M=,tFglwOSPpTEKbw7bOAnH4l24IDA=
58,0,R3urptGxF6R3qNo8lq0nLnYln+M=,tFglwOSPpTEKbw7bOAnH4l24IDA=
55,0,R3urptGxF6R3qNo8lq0nLnYln+M=,po+NemM6NA5h2tD4C4+S7h4MvBI=
62,0,R3urptGxF6R3qNo8lq0nLnYln+M=,B21bdakGtpkpHKIVI+aac47QM8A=
60,0,R3urptGxF6R3qNo8lq0nLnYln+M=,B21bdakGtpkpHKIVI+aac47QM8A=
61,0,R3urptGxF6R3qNo8lq0nLnYln+M=,B21bdakGtpkpHKIVI+aac47QM8A=
59,0,R3urptGxF6R3qNo8lq0nLnYln+M=,tFglwOSPpTEKbw7bOAnH4l24IDA=
52,7,R3urptGxF6R3qNo8lq0nLnYln+M=,mBlCCQuB9XGvHz21E7ISGF0AKY0=
48,7,R3urptGxF6R3qNo8lq0nLnYln+M=,N207crZodAM3/qdDpwyti/EHBn8=
48,8,R3urptGxF6R3qNo8lq0nLnYln+M=,6DW1OuxWNIRRKCsj7IhkhFrdXB0=
49,7,R3urptGxF6R3qNo8lq0nLnYln+M=,N207crZodAM3/qdDpwyti/EHBn8=
49,9,R3urptGxF6R3qNo8lq0nLnYln+M=,6DW1OuxWNIRRKCsj7IhkhFrdXB0=
48,9,R3urptGxF6R3qNo8lq0nLnYln+M=,6DW1OuxWNIRRKCsj7IhkhFrdXB0=
50,10,R3urptGxF6R3qNo8lq0nLnYln+M=,6DW1OuxWNIRRKCsj7IhkhFrdXB0=
49,10,R3urptGxF6R3qNo8lq0nLnYln+M=,6DW1OuxWNIRRKCsj7IhkhFrdXB0=
52,9,R3urptGxF6R3qNo8lq0nLnYln+M=,VTbXp7lpxMa9MF6G2Lh6+4wyQ+o=
49,8,R3urptGxF6R3qNo8lq0nLnYln+M=,6DW1OuxWNIRRKCsj7IhkhFrdXB0=
50,8,R3urptGxF6R3qNo8lq0nLnYln+M=,6DW1OuxWNIRRKCsj7IhkhFrdXB0=
52,10,R3urptGxF6R3qNo8lq0nLnYln+M=,VTbXp7lpxMa9MF6G2Lh6+4wyQ+o=
51,8,R3urptGxF6R3qNo8lq0nLnYln+M=,6DW1OuxWNIRRKCsj7IhkhFrdXB0=
51,10,R3urptGxF6R3qNo8lq0nLnYln+M=,6DW1OuxWNIRRKCsj7IhkhFrdXB0=
52,8,R3urptGxF6R3qNo8lq0nLnYln+M=,VTbXp7lpxMa9MF6G2Lh6+4wyQ+o=
51,7,R3urptGxF6R3qNo8lq0nLnYln+M=,N207crZodAM3/qdDpwyti/EHBn8=
50,9,R3urptGxF6R3qNo8lq0nLnYln+M=,6DW1OuxWNIRRKCsj7IhkhFrdXB0=
50,7,R3urptGxF6R3qNo8lq0nLnYln+M=,N207crZodAM3/qdDpwyti/EHBn8=
48,10,R3urptGxF6R3qNo8lq0nLnYln+M=,6DW1OuxWNIRRKCsj7IhkhFrdXB0=
63,6,R3urptGxF6R3qNo8lq0nLnYln+M=,I1LAUmNDmFJHU1OOg3RgPBCyTeA=
51,9,R3urptGxF6R3qNo8lq0nLnYln+M=,6DW1OuxWNIRRKCsj7IhkhFrdXB0=
63,4,R3urptGxF6R3qNo8lq0nLnYln+M=,I1LAUmNDmFJHU1OOg3RgPBCyTeA=
63,5,R3urptGxF6R3qNo8lq0nLnYln+M=,I1LAUmNDmFJHU1OOg3RgPBCyTeA=
63,2,R3urptGxF6R3qNo8lq0nLnYln+M=,B21bdakGtpkpHKIVI+aac47QM8A=
63,1,R3urptGxF6R3qNo8lq0nLnYln+M=,B21bdakGtpkpHKIVI+aac47QM8A=
52,14,R3urptGxF6R3qNo8lq0nLnYln+M=,n8abroGxKQasBNhNIkLtd7MJ6no=
63,3,R3urptGxF6R3qNo8lq0nLnYln+M=,B21bdakGtpkpHKIVI+aac47QM8A=
48,14,R3urptGxF6R3qNo8lq0nLnYln+M=,s/8sgb+0WKYaaGhsOQFFmSZkpJM=
51,14,R3urptGxF6R3qNo8lq0nLnYln+M=,s/8sgb+0WKYaaGhsOQFFmSZkpJM=
50,14,R3urptGxF6R3qNo8lq0nLnYln+M=,s/8sgb+0WKYaaGhsOQFFmSZkpJM=
50,13,R3urptGxF6R3qNo8lq0nLnYln+M=,s/8sgb+0WKYaaGhsOQFFmSZkpJM=
52,15,R3urptGxF6R3qNo8lq0nLnYln+M=,n8abroGxKQasBNhNIkLtd7MJ6no=
52,12,R3urptGxF6R3qNo8lq0nLnYln+M=,n8abroGxKQasBNhNIkLtd7MJ6no=
49,14,R3urptGxF6R3qNo8lq0nLnYln+M=,s/8sgb+0WKYaaGhsOQFFmSZkpJM=
51,11,R3urptGxF6R3qNo8lq0nLnYln+M=,6DW1OuxWNIRRKCsj7IhkhFrdXB0=
51,13,R3urptGxF6R3qNo8lq0nLnYln+M=,s/8sgb+0WKYaaGhsOQFFmSZkpJM=
52,13,R3urptGxF6R3qNo8lq0nLnYln+M=,n8abroGxKQasBNhNIkLtd7MJ6no=
51,12,R3urptGxF6R3qNo8lq0nLnYln+M=,s/8sgb+0WKYaaGhsOQFFmSZkpJM=
49,13,R3urptGxF6R3qNo8lq0nLnYln+M=,s/8sgb+0WKYaaGhsOQFFmSZkpJM=
50,12,R3urptGxF6R3qNo8lq0nLnYln+M=,s/8sgb+0WKYaaGhsOQFFmSZkpJM=
50,11,R3urptGxF6R3qNo8lq0nLnYln+M=,6DW1OuxWNIRRKCsj7IhkhFrdXB0=
51,15,R3urptGxF6R3qNo8lq0nLnYln+M=,s/8sgb+0WKYaaGhsOQFFmSZkpJM=
49,15,R3urptGxF6R3qNo8lq0nLnYln+M=,s/8sgb+0WKYaaGhsOQFFmSZkpJM=
48,13,R3urptGxF6R3qNo8lq0nLnYln+M=,s/8sgb+0WKYaaGhsOQFFmSZkpJM=
50,15,R3urptGxF6R3qNo8lq0nLnYln+M=,s/8sgb+0WKYaaGhsOQFFmSZkpJM=
49,11,R3urptGxF6R3qNo8lq0nLnYln+M=,6DW1OuxWNIRRKCsj7IhkhFrdXB0=
49,12,R3urptGxF6R3qNo8lq0nLnYln+M=,s/8sgb+0WKYaaGhsOQFFmSZkpJM=
48,11,R3urptGxF6R3qNo8lq0nLnYln+M=,6DW1OuxWNIRRKCsj7IhkhFrdXB0=
52,11,R3urptGxF6R3qNo8lq0nLnYln+M=,VTbXp7lpxMa9MF6G2Lh6+4wyQ+o=
48,12,R3urptGxF6R3qNo8lq0nLnYln+M=,s/8sgb+0WKYaaGhsOQFFmSZkpJM=
63,0,R3urptGxF6R3qNo8lq0nLnYln+M=,B21bdakGtpkpHKIVI+aac47QM8A=
48,0,R3urptGxF6R3qNo8lq0nLnYln+M=,ToYWy2hVz3Api3OHFGiOqcwoJQQ=
63,13,R3urptGxF6R3qNo8lq0nLnYln+M=,QdRwQP2rGzzM4hd3jqW6Iqc1q1w=
63,14,R3urptGxF6R3qNo8lq0nLnYln+M=,QdRwQP2rGzzM4hd3jqW6Iqc1q1w=
63,11,R3urptGxF6R3qNo8lq0nLnYln+M=,Qs+wqyhF6P4j5dk68db5GUu8nOo=
63,15,R3urptGxF6R3qNo8lq0nLnYln+M=,QdRwQP2rGzzM4hd3jqW6Iqc1q1w=
63,12,R3urptGxF6R3qNo8lq0nLnYln+M=,QdRwQP2rGzzM4hd3jqW6Iqc1q1w=
63,9,R3urptGxF6R3qNo8lq0nLnYln+M=,Qs+wqyhF6P4j5dk68db5GUu8nOo=
63,10,R3urptGxF6R3qNo8lq0nLnYln+M=,Qs+wqyhF6P4j5dk68db5GUu8nOo=
48,15,R3urptGxF6R3qNo8lq0nLnYln+M=,s/8sgb+0WKYaaGhsOQFFmSZkpJM=
63,8,R3urptGxF6R3qNo8lq0nLnYln+M=,Qs+wqyhF6P4j5dk68db5GUu8nOo=
63,7,R3urptGxF6R3qNo8lq0nLnYln+M=,I1LAUmNDmFJHU1OOg3RgPBCyTeA=
